url,headline,scrape_date,scrape_datetime,time
https://eng.lsm.lv/article/weather/weather/12.07.2026-storm-warning-for-eastern-latvia-on-sunday-evening.a654788/,Storm warning for eastern Latvia on Sunday evening,2026-07-12,2026-07-12_21.45.45,
https://eng.lsm.lv/article/economy/transport/12.07.2026-death-on-railway-line-in-riga.a654777/,Death on railway line in Rīga,2026-07-12,2026-07-12_21.45.45,
https://eng.lsm.lv/article/features/features/12.07.2026-the-deep-roots-of-resilience-what-a-crown-taught-me-about-todays-ukraine.a654669/,The Deep Roots of Resilience: what a crown taught me about today’s Ukraine,2026-07-12,2026-07-12_21.45.45,
https://eng.lsm.lv/article/economy/employment/12.07.2026-48-of-latvias-jobs-are-in-culture.a653973/,4.8% of Latvia's jobs are in culture,2026-07-12,2026-07-12_21.45.45,
https://eng.lsm.lv/article/society/society/12.07.2026-turkish-citizens-killed-in-latvian-car-crash.a654767/,Turkish citizens killed in Latvian car crash,2026-07-12,2026-07-12_21.45.45,
https://eng.lsm.lv/article/features/news-in-simple-latvian/12.07.2026-news-in-simple-latvian-11th-july-2026.a654764/,"News in simple Latvian: 11th July, 2026",2026-07-12,2026-07-12_21.45.45,
https://eng.lsm.lv/article/features/features/11.07.2026-otto-fischer-legendary-football-trainer-of-the-barcelona-of-the-baltics.a654712/,Otto Fischer: Legendary football trainer of the Barcelona of the Baltics,2026-07-12,2026-07-12_21.45.45,
https://eng.lsm.lv/article/politics/diplomacy/11.07.2026-baltic-states-strongly-reject-russian-lies-in-moscow.a654710/,Baltic states 'strongly reject' Russian lies in Moscow,2026-07-12,2026-07-12_21.45.45,
https://eng.lsm.lv/article/politics/election/09.07.2026-election-candidate-removed-due-to-lack-of-latvian-citizenship.a654505/,Election candidate removed due to lack of Latvian citizenship,2026-07-12,2026-07-12_21.45.45,
https://eng.lsm.lv/article/politics/politics/09.07.2026-pm-kulbergs-rates-his-cabinet-7-out-of-10-after-first-month-in-office.a654500/,PM Kulbergs rates his cabinet '7 out of 10' after first month in office,2026-07-12,2026-07-12_21.45.45,
https://eng.lsm.lv/article/politics/politics/08.07.2026-riga-mayor-kleinbergs-survives-opposition-attempt-to-oust-him.a654405/,Rīga mayor Kleinbergs survives opposition attempt to oust him,2026-07-12,2026-07-12_21.45.45,
https://eng.lsm.lv/article/politics/diplomacy/08.07.2026-russia-indulges-in-further-baltic-deportation-fantasies.a654280/,Russia indulges in further Baltic deportation fantasies,2026-07-12,2026-07-12_21.45.45,
https://eng.lsm.lv/article/politics/election/07.07.2026-four-saeima-candidates-have-declared-collaboration-with-ussr-services.a654122/,Four Saeima candidates have declared collaboration with USSR services,2026-07-12,2026-07-12_21.45.45,
https://eng.lsm.lv/article/politics/election/06.07.2026-party-order-announced-for-latvias-parliamentary-elections.a654028/,Party order announced for Latvia's parliamentary elections,2026-07-12,2026-07-12_21.45.45,
https://eng.lsm.lv/article/politics/election/06.07.2026-smaller-older-more-male-dominated-election-candidate-pool-in-latvia.a653954/,"Smaller, older, more male-dominated election candidate pool in Latvia",2026-07-12,2026-07-12_21.45.45,
https://eng.lsm.lv/article/society/crime/10.07.2026-lithuanian-arrested-in-big-cigarette-seizure-in-riga.a654615/,Lithuanian arrested in big cigarette seizure in Rīga,2026-07-12,2026-07-12_21.45.45,
https://eng.lsm.lv/article/society/defence/10.07.2026-lions-leap-military-exercises-taking-place-this-weekend.a654614/,'Lion's Leap' military exercises taking place this weekend,2026-07-12,2026-07-12_21.45.45,
https://eng.lsm.lv/article/society/health/10.07.2026-latvia-celebrates-50th-heart-transplant.a654609/,Latvia celebrates 50th heart transplant,2026-07-12,2026-07-12_21.45.45,
https://eng.lsm.lv/article/society/society/10.07.2026-riga-introduces-management-fees-for-municipal-apartments.a654603/,Rīga introduces management fees for municipal apartments,2026-07-12,2026-07-12_21.45.45,
https://eng.lsm.lv/article/society/defence/10.07.2026-latvia-is-belarus-first-target-for-hybrid-war-border-guard-chief.a654588/,Latvia is Belarus' first target for hybrid war: Border Guard chief,2026-07-12,2026-07-12_21.45.45,
https://eng.lsm.lv/article/society/education/09.07.2026-university-enrolment-begins-in-latvia-thursday.a654545/,University enrolment begins in Latvia Thursday,2026-07-12,2026-07-12_21.45.45,
https://eng.lsm.lv/article/society/crime/09.07.2026-staged-robbery-uncovered-in-ogre-latvia.a654542/,"Staged robbery uncovered in Ogre, Latvia",2026-07-12,2026-07-12_21.45.45,
https://eng.lsm.lv/article/culture/music/10.07.2026-young-jazz-musicians-to-shine-through-summer-concert-competition.a654604/,Young jazz musicians to shine through summer concert competition,2026-07-12,2026-07-12_21.45.45,
https://eng.lsm.lv/article/culture/sport/10.07.2026-ostapenko-wins-first-wimbledon-mixed-doubles-title.a654597/,Ostapenko wins first Wimbledon mixed doubles title,2026-07-12,2026-07-12_21.45.45,
https://eng.lsm.lv/article/culture/culture/10.07.2026-three-for-the-weekend-festivals-abound.a654592/,Three for the Weekend: Festivals abound,2026-07-12,2026-07-12_21.45.45,
https://eng.lsm.lv/article/culture/food-drink/09.07.2026-organic-dairy-brand-bryunala-discontinued-in-latvia.a654540/,Organic dairy brand Bryunaļa discontinued in Latvia,2026-07-12,2026-07-12_21.45.45,
https://eng.lsm.lv/article/culture/food-drink/08.07.2026-sweet-strawberries-but-poor-cherries-this-summer-in-latvia.a654265/,Sweet strawberries but poor cherries this summer in Latvia,2026-07-12,2026-07-12_21.45.45,
https://eng.lsm.lv/article/culture/food-drink/08.07.2026-chanterelle-season-has-begun-in-latvia.a654260/,Chanterelle season has begun in Latvia,2026-07-12,2026-07-12_21.45.45,
https://eng.lsm.lv/article/culture/culture/07.07.2026-latvian-national-library-allocated-cash-to-make-it-better-as-an-event-venue.a654213/,Latvian National Library allocated cash to make it better as an event venue,2026-07-12,2026-07-12_21.45.45,
https://eng.lsm.lv/article/culture/culture/07.07.2026-riga-international-film-festival-returns-in-october.a654142/,Riga International Film Festival returns in October,2026-07-12,2026-07-12_21.45.45,
https://eng.lsm.lv/article/economy/business/10.07.2026-no-decision-made-on-lmttet-ownership-issues.a653979/,No decision made on LMT/Tet ownership issues,2026-07-12,2026-07-12_21.45.45,
https://eng.lsm.lv/article/economy/economy/10.07.2026-latvias-foreign-trade-figures-were-on-the-up-in-may.a653976/,Latvia's foreign trade figures were on the up in May,2026-07-12,2026-07-12_21.45.45,
https://eng.lsm.lv/article/economy/economy/10.07.2026-wind-turbine-loses-blade-during-test-run-in-latvia.a654599/,Wind turbine loses blade during test run in Latvia,2026-07-12,2026-07-12_21.45.45,
https://eng.lsm.lv/article/economy/economy/09.07.2026-latvias-macroeconomic-forecasts-revised-by-finance-ministry.a654477/,Latvia's macroeconomic forecasts revised by Finance Ministry,2026-07-12,2026-07-12_21.45.45,
https://eng.lsm.lv/article/economy/transport/09.07.2026-central-riga-street-sections-to-be-closed-until-end-of-july.a654468/,Central Rīga street sections to be closed until end of July,2026-07-12,2026-07-12_21.45.45,
https://eng.lsm.lv/article/economy/transport/09.07.2026-railway-platform-modernization-project-has-big-problems.a654452/,Railway platform modernization project has big problems,2026-07-12,2026-07-12_21.45.45,
https://eng.lsm.lv/article/features/news-in-simple-latvian/11.07.2026-news-in-simple-latvian-10th-july-2026.a654709/,"News in simple Latvian: 10th July, 2026",2026-07-12,2026-07-12_21.45.45,
https://eng.lsm.lv/article/features/news-in-simple-latvian/10.07.2026-news-in-simple-latvian-9th-july-2026.a654585/,"News in simple Latvian: 9th July, 2026",2026-07-12,2026-07-12_21.45.45,
https://eng.lsm.lv/article/features/news-in-simple-latvian/08.07.2026-news-in-simple-latvian-8th-july-2026.a654411/,"News in simple Latvian: 8th July, 2026",2026-07-12,2026-07-12_21.45.45,
https://eng.lsm.lv/article/features/video/08.07.2026-edward-lucas-there-are-europeans-who-are-willing-to-fight-and-europeans-who-are-not-willing-to-fight.a654287/,"Edward Lucas: 'There are Europeans who are willing to fight, and Europeans who are not willing to fight'",2026-07-12,2026-07-12_21.45.45,
https://eng.lsm.lv/article/features/news-in-simple-latvian/08.07.2026-news-in-simple-latvian-7th-july-2026.a654257/,"News in simple Latvian: 7th July, 2026",2026-07-12,2026-07-12_21.45.45,
https://eng.lsm.lv/article/weather/weather/10.07.2026-dry-and-hot-weather-to-begin-in-latvia-sunday.a654590/,Dry and hot weather to begin in Latvia Sunday,2026-07-12,2026-07-12_21.45.45,
https://eng.lsm.lv/article/weather/weather/08.07.2026-rain-warning-across-latvia-wednesday.a654258/,Rain warning across Latvia Wednesday,2026-07-12,2026-07-12_21.45.45,
https://eng.lsm.lv/article/weather/weather/06.07.2026-weather-will-improve-over-weekend-in-latvia.a653965/,Weather will improve over weekend in Latvia,2026-07-12,2026-07-12_21.45.45,
https://eng.lsm.lv/article/weather/weather/06.07.2026-downpours-still-expected-monday-in-latvia.a653949/,Downpours still expected Monday in Latvia,2026-07-12,2026-07-12_21.45.45,
https://eng.lsm.lv/article/weather/weather/03.07.2026-weekend-weather-will-be-rather-gloomy-in-latvia.a653724/,Weekend weather will be rather gloomy in Latvia,2026-07-12,2026-07-12_21.45.45,
https://eng.lsm.lv/article/weather/weather/03.07.2026-rain-throughout-latvia-on-friday.a653684/,Rain throughout Latvia on Friday,2026-07-12,2026-07-12_21.45.45,
https://eng.lsm.lv/article/weather/weather/30.06.2026-heatwave-abates-in-latvia-on-tuesday-though-yellow-warning-remains.a653217/,"Heatwave abates in Latvia on Tuesday, though yellow warning remains",2026-07-12,2026-07-12_21.45.45,
https://eng.lsm.lv/article/culture/literature/19.07.2026-work-starts-on-translating-new-testament-into-modern-latgalian.a655538/,Work starts on translating New Testament into modern Latgalian,2026-07-19,2026-07-19_22.23.49,10:28
https://eng.lsm.lv/article/society/defence/19.07.2026-no-one-in-armed-forces-will-be-disciplined-over-rezekne-drone-incident.a655536/,No-one in armed forces will be disciplined over Rēzekne drone incident,2026-07-19,2026-07-19_22.23.49,10:20
https://eng.lsm.lv/article/features/news-in-simple-latvian/19.07.2026-news-in-simple-latvian-18th-july-2026.a655534/,"News in simple Latvian: 18th July, 2026",2026-07-19,2026-07-19_22.23.49,10:07
https://eng.lsm.lv/article/culture/food-drink/18.07.2026-expert-dont-eat-second-class-mushrooms.a655498/,Expert: Don't eat second-class mushrooms,2026-07-19,2026-07-19_22.23.49,"Yesterday, 11:03"
https://eng.lsm.lv/article/politics/diplomacy/18.07.2026-latvias-baiba-braze-returns-from-busy-us-trip.a655493/,Latvia's Baiba Braže returns from busy U.S. trip,2026-07-19,2026-07-19_22.23.49,"Yesterday, 10:41"
https://eng.lsm.lv/article/features/news-in-simple-latvian/18.07.2026-news-in-simple-latvian-17th-july-2026.a655494/,"News in simple Latvian: 17th July, 2026",2026-07-19,2026-07-19_22.23.49,"Yesterday, 9:51"
https://eng.lsm.lv/article/culture/culture/17.07.2026-four-city-festivals-for-the-weekend-in-latvia.a655397/,Four city festivals for the weekend in Latvia,2026-07-19,2026-07-19_22.23.49,"July 17, 13:38"
https://eng.lsm.lv/article/society/crime/17.07.2026-latvia-has-lots-of-mainly-female-judges.a655430/,Latvia has lots of (mainly female) judges,2026-07-19,2026-07-19_22.23.49,"July 17, 13:09"
https://eng.lsm.lv/article/politics/politics/17.07.2026-rezekne-still-trying-to-rent-out-its-unwanted-spa-complex.a655426/,Rēzekne still trying to rent out its unwanted spa complex,2026-07-19,2026-07-19_22.23.49,"July 17, 12:52"
https://eng.lsm.lv/article/politics/election/16.07.2026-almost-a-quarter-of-latgale-election-candidates-live-elsewhere.a655286/,Almost a quarter of 'Latgale' election candidates live elsewhere,2026-07-19,2026-07-19_22.23.49,"July 16, 12:17"
https://eng.lsm.lv/article/politics/president/16.07.2026-rinkevics-latvia-and-lithuanuia-share-a-bond-based-on-bloodline.a655249/,Rinkēvičs: Latvia and Lithuanuia share 'a bond based on bloodline',2026-07-19,2026-07-19_22.23.49,"July 16, 8:56"
https://eng.lsm.lv/article/politics/diplomacy/15.07.2026-latvias-baiba-braze-attending-rubio-called-conference-in-washington-dc.a655150/,"Latvia's Baiba Braže attending Rubio-called conference in Washington, D.C.",2026-07-19,2026-07-19_22.23.49,Update 22:28
https://eng.lsm.lv/article/politics/president/15.07.2026-president-rinkevics-heads-to-lithuania.a654956/,President Rinkēvičs heads to Lithuania,2026-07-19,2026-07-19_22.23.49,"July 15, 10:25"
https://eng.lsm.lv/article/politics/diplomacy/14.07.2026-latvias-honorary-consuls-in-ukraine-given-awards.a654960/,Latvia's honorary consuls in Ukraine given awards,2026-07-19,2026-07-19_22.23.49,"July 14, 8:08"
https://eng.lsm.lv/article/politics/diplomacy/13.07.2026-russia-planning-to-make-sarcastic-use-of-international-courts-against-baltics.a654903/,Russia planning to make sarcastic use of international courts against Baltics,2026-07-19,2026-07-19_22.23.49,"July 13, 16:12"
https://eng.lsm.lv/article/society/defence/17.07.2026-journalists-expose-online-terrorism-efforts-in-poland-and-baltics.a655398/,Journalists expose online terrorism efforts in Poland and Baltics,2026-07-19,2026-07-19_22.23.49,"July 17, 11:06"
https://eng.lsm.lv/article/society/society/17.07.2026-stores-set-fuel-pellet-purchase-limits-producers-say-theres-plenty-to-go-around.a655394/,Stores set fuel pellet purchase limits – producers say there's plenty to go around,2026-07-19,2026-07-19_22.23.49,"July 17, 10:19"
https://eng.lsm.lv/article/society/education/16.07.2026-small-demonstration-staged-against-closure-of-sports-school.a655319/,Small demonstration staged against closure of sports school,2026-07-19,2026-07-19_22.23.49,"July 16, 15:55"
https://eng.lsm.lv/article/society/education/16.07.2026-young-latvians-lag-behind-neighbours-in-digital-skills.a655278/,Young Latvians lag behind neighbours in digital skills,2026-07-19,2026-07-19_22.23.49,"July 16, 11:39"
https://eng.lsm.lv/article/society/society/16.07.2026-auditors-deliver-damning-report-on-ogre-district-procurement-practices.a655254/,Auditors deliver damning report on Ogre district procurement practices,2026-07-19,2026-07-19_22.23.49,"July 16, 10:10"
https://eng.lsm.lv/article/society/education/16.07.2026-researchers-in-latvia-concerned-about-potential-threat-to-academic-freedom.a655251/,Researchers in Latvia concerned about potential threat to academic freedom,2026-07-19,2026-07-19_22.23.49,"July 16, 9:36"
https://eng.lsm.lv/article/culture/theatre/17.07.2026-ghostly-goings-on-at-latvian-radio.a655384/,Ghostly goings-on at Latvian Radio,2026-07-19,2026-07-19_22.23.49,"July 17, 9:37"
https://eng.lsm.lv/article/culture/culture/16.07.2026-new-tourism-brochure-available-for-valmiera-district.a655307/,New tourism brochure available for Valmiera district,2026-07-19,2026-07-19_22.23.49,"July 16, 14:50"
https://eng.lsm.lv/article/culture/sport/16.07.2026-liepaja-advances-in-uefa-conference-league-qualification.a655267/,Liepāja advances in UEFA Conference League qualification,2026-07-19,2026-07-19_22.23.49,"July 16, 11:04"
https://eng.lsm.lv/article/culture/food-drink/15.07.2026-berry-good-latvias-juiciest-exports-have-growth-potential.a655123/,Berry good – Latvia's juiciest exports have growth potential,2026-07-19,2026-07-19_22.23.49,"July 15, 10:54"
https://eng.lsm.lv/article/culture/sport/14.07.2026-latvia-joins-call-for-eu-to-cut-funding-to-international-olympic-committee.a655001/,Latvia joins call for EU to cut funding to International Olympic Committee,2026-07-19,2026-07-19_22.23.49,"July 14, 11:34"
https://eng.lsm.lv/article/economy/economy/17.07.2026-latvian-central-bank-publishes-latest-macroeconomic-projections-report.a655410/,Latvian central bank publishes latest Macroeconomic Projections Report,2026-07-19,2026-07-19_22.23.49,"July 17, 11:22"
https://eng.lsm.lv/article/economy/employment/16.07.2026-women-have-longer-working-lives-than-men-in-latvia.a655322/,Women have longer working lives than men in Latvia,2026-07-19,2026-07-19_22.23.49,"July 16, 16:38"
https://eng.lsm.lv/article/economy/transport/16.07.2026-media-speculates-about-airbaltic-short-term-financing.a655317/,Media speculates about airBaltic short-term financing,2026-07-19,2026-07-19_22.23.49,"July 16, 15:42"
https://eng.lsm.lv/article/economy/transport/16.07.2026-riga-to-get-a-few-more-cycle-lanes.a655306/,Rīga to get a few more cycle lanes,2026-07-19,2026-07-19_22.23.49,"July 16, 14:40"
https://eng.lsm.lv/article/economy/transport/15.07.2026-riga-bridge-repairs-likely-to-cause-traffic-disruption.a655219/,Rīga bridge repairs likely to cause traffic disruption,2026-07-19,2026-07-19_22.23.49,"July 15, 18:48"
https://eng.lsm.lv/article/economy/transport/15.07.2026-why-did-daugavpils-sell-its-buses-its-complicated.a655159/,Why did Daugavpils sell its buses? It's complicated,2026-07-19,2026-07-19_22.23.49,"July 15, 14:08"
https://eng.lsm.lv/article/economy/business/15.07.2026-rezekne-to-host-second-dual-use-export-forum.a655132/,Rēzekne to host second 'Dual-Use Export Forum',2026-07-19,2026-07-19_22.23.49,"July 15, 11:23"
https://eng.lsm.lv/article/economy/economy/14.07.2026-new-vat-rules-seem-to-be-applied-properly-in-latvia.a655014/,New VAT rules seem to be applied properly in Latvia,2026-07-19,2026-07-19_22.23.49,"July 14, 12:26"
https://eng.lsm.lv/article/features/news-in-simple-latvian/17.07.2026-news-in-simple-latvian-16th-july-2026.a655379/,"News in simple Latvian: 16th July, 2026",2026-07-19,2026-07-19_22.23.49,"July 17, 9:15"
https://eng.lsm.lv/article/features/news-in-simple-latvian/16.07.2026-news-in-simple-latvian-15th-july-2026.a655243/,"News in simple Latvian: 15th July, 2026",2026-07-19,2026-07-19_22.23.49,"July 16, 8:18"
https://eng.lsm.lv/article/features/news-in-simple-latvian/15.07.2026-news-in-simple-latvian-14th-july-2026.a655115/,"News in simple Latvian: 14th July, 2026",2026-07-19,2026-07-19_22.23.49,"July 15, 9:53"
https://eng.lsm.lv/article/features/news-in-simple-latvian/14.07.2026-news-in-simple-latvian-13th-july-2026.a654953/,"News in simple Latvian: 13th July, 2026",2026-07-19,2026-07-19_22.23.49,"July 14, 7:23"
https://eng.lsm.lv/article/features/news-in-simple-latvian/13.07.2026-news-in-simple-latvian-12th-july-2026.a654820/,"News in simple Latvian: 12th July, 2026",2026-07-19,2026-07-19_22.23.49,"July 13, 8:48"
https://eng.lsm.lv/article/weather/weather/17.07.2026-warm-weekend-ahead-in-latvia.a655386/,Warm weekend ahead in Latvia,2026-07-19,2026-07-19_22.23.49,"July 17, 10:01"
https://eng.lsm.lv/article/weather/weather/13.07.2026-sunny-start-to-the-weather-week-in-latvia.a654824/,Sunny start to the weather week in Latvia,2026-07-19,2026-07-19_22.23.49,"July 13, 9:11"
https://eng.lsm.lv/article/society/environment/26.07.2026-warning-issued-after-bears-reported-in-riga-suburb.a656348/,Warning issued after bears reported in Rīga suburb,2026-07-26,2026-07-26_21.41.46,
https://eng.lsm.lv/article/features/news-in-simple-latvian/26.07.2026-news-in-simple-latvian-25th-july-2026.a656346/,"News in simple Latvian: 25th July, 2026",2026-07-26,2026-07-26_21.41.46,
https://eng.lsm.lv/article/culture/history/25.07.2026-new-holocaust-memorial-unveiled-in-liepaja.a656304/,New Holocaust memorial unveiled in Liepāja,2026-07-26,2026-07-26_21.41.46,
https://eng.lsm.lv/article/features/news-in-simple-latvian/24.07.2026-news-in-simple-latvian-24th-july-2026.a656291/,"News in simple Latvian: 24th July, 2026",2026-07-26,2026-07-26_21.41.46,
https://eng.lsm.lv/article/society/crime/24.07.2026-err-illegal-migrants-arrested-in-estonia-believed-to-have-travelled-via-latvia.a656273/,ERR: Illegal migrants arrested in Estonia believed to have travelled via Latvia,2026-07-26,2026-07-26_21.41.46,
https://eng.lsm.lv/article/politics/diplomacy/24.07.2026-latvian-honorary-consulate-building-in-sloviansk-destroyed-by-russian-strike.a656267/,Latvian honorary consulate building in Sloviansk destroyed by Russian strike,2026-07-26,2026-07-26_21.41.46,
https://eng.lsm.lv/article/society/crime/24.07.2026-state-security-service-investigates-fire-at-ukrainian-charity-warehouse.a656192/,State Security Service investigates fire at Ukrainian charity warehouse,2026-07-26,2026-07-26_21.41.46,
https://eng.lsm.lv/article/economy/transport/24.07.2026-latvias-airbaltic-faces-another-investigation-of-its-finances.a656264/,Latvia's airBaltic faces another investigation of its finances,2026-07-26,2026-07-26_21.41.46,
https://eng.lsm.lv/article/politics/election/24.07.2026-election-authority-cans-candidate-over-criminal-record.a656204/,Election authority cans candidate over criminal record,2026-07-26,2026-07-26_21.41.46,
https://eng.lsm.lv/article/politics/saeima/23.07.2026-latvian-parliament-replaces-outdated-voting-system.a656094/,Latvian parliament replaces outdated voting system,2026-07-26,2026-07-26_21.41.46,
https://eng.lsm.lv/article/politics/election/23.07.2026-how-accessible-will-latvias-upcoming-elections-be.a656023/,How accessible will Latvia's upcoming elections be?,2026-07-26,2026-07-26_21.41.46,
https://eng.lsm.lv/article/politics/politics/22.07.2026-latvian-cabinet-approves-its-own-plan-of-action.a655882/,Latvian cabinet approves its own plan of action,2026-07-26,2026-07-26_21.41.46,
https://eng.lsm.lv/article/society/society/24.07.2026-latvia-ramps-up-language-fine-penalties.a656214/,Latvia ramps up language fine penalties,2026-07-26,2026-07-26_21.41.46,
https://eng.lsm.lv/article/society/defence/24.07.2026-latvia-and-american-company-plan-artillery-factory-within-2-years.a656200/,Latvia and American company plan artillery factory within 2 years,2026-07-26,2026-07-26_21.41.46,
https://eng.lsm.lv/article/society/crime/23.07.2026-alleged-migrant-attack-in-riga-not-all-it-seemed-to-be.a656027/,Alleged 'migrant attack' in Rīga not all it seemed to be,2026-07-26,2026-07-26_21.41.46,
https://eng.lsm.lv/article/society/defence/22.07.2026-latvia-compiles-a-national-risk-catalogue.a655951/,Latvia compiles a 'National Risk Catalogue',2026-07-26,2026-07-26_21.41.46,
https://eng.lsm.lv/article/society/defence/22.07.2026-entrepreneurs-for-peace-opens-new-base-in-riga.a655885/,'Entrepreneurs for Peace' opens new base in Rīga,2026-07-26,2026-07-26_21.41.46,
https://eng.lsm.lv/article/culture/culture/24.07.2026-three-for-the-weekend-valmiera-734-drift-masters-polish-speedway.a656170/,"Three for the weekend: Valmiera 734, Drift Masters, Polish Speedway",2026-07-26,2026-07-26_21.41.46,
https://eng.lsm.lv/article/culture/art/24.07.2026-exhibition-of-latvian-exile-art-without-america-opened-in-liepaja.a656169/,"Exhibition of Latvian exile art, 'Without America', opened in Liepāja",2026-07-26,2026-07-26_21.41.46,
https://eng.lsm.lv/article/culture/music/24.07.2026-new-concert-hall-will-open-in-salaspils-in-september.a656166/,New concert hall will open in Salaspils in September,2026-07-26,2026-07-26_21.41.46,
https://eng.lsm.lv/article/culture/music/24.07.2026-latvias-eurovision-supernova-song-cycle-starts-again-soon.a656159/,Latvia's Eurovision Supernova song cycle starts again soon,2026-07-26,2026-07-26_21.41.46,
https://eng.lsm.lv/article/culture/art/23.07.2026-roger-ballen-retrospective-in-daugavpils-comes-highly-recommended.a656074/,Roger Ballen retrospective in Daugavpils comes highly recommended,2026-07-26,2026-07-26_21.41.46,
https://eng.lsm.lv/article/culture/sport/23.07.2026-great-results-for-riga-in-european-football.a656036/,Great results for Rīga in European football,2026-07-26,2026-07-26_21.41.46,
https://eng.lsm.lv/article/culture/history/23.07.2026-book-traces-history-of-legendary-latvian-stately-home.a656017/,Book traces history of legendary Latvian stately home,2026-07-26,2026-07-26_21.41.46,
https://eng.lsm.lv/article/economy/transport/24.07.2026-bumpy-road-is-putting-off-tourists-on-kurzeme-coast.a656172/,Bumpy road is putting off tourists on Kurzeme coast,2026-07-26,2026-07-26_21.41.46,
https://eng.lsm.lv/article/economy/transport/24.07.2026-in-latvia-the-trains-are-on-time-but-the-platforms-are-running-late.a656160/,"In Latvia, the trains are on time but the platforms are running late",2026-07-26,2026-07-26_21.41.46,
https://eng.lsm.lv/article/economy/economy/23.07.2026-saeima-tweaks-business-rules-in-food-supply-sector.a656085/,Saeima tweaks business rules in food supply sector,2026-07-26,2026-07-26_21.41.46,
https://eng.lsm.lv/article/economy/banks/22.07.2026-latvias-president-and-pm-comment-on-potential-luminor-sale.a655943/,Latvia's President and PM comment on potential Luminor sale,2026-07-26,2026-07-26_21.41.46,
https://eng.lsm.lv/article/economy/economy/22.07.2026-latvia-remains-one-of-the-eus-less-indebted-members.a655894/,Latvia remains one of the EU's less-indebted members,2026-07-26,2026-07-26_21.41.46,
https://eng.lsm.lv/article/economy/transport/21.07.2026-latvian-transport-minister-promises-rail-baltica-management-re-jig.a655740/,Latvian Transport Minister promises Rail Baltica management re-jig,2026-07-26,2026-07-26_21.41.46,
https://eng.lsm.lv/article/economy/banks/21.07.2026-hungarys-otp-to-buy-baltic-bank-luminor.a655717/,Hungary's OTP to buy Baltic bank Luminor,2026-07-26,2026-07-26_21.41.46,
https://eng.lsm.lv/article/features/news-in-simple-latvian/24.07.2026-news-in-simple-latvian-23rd-july-2026.a656158/,"News in simple Latvian: 23rd July, 2026",2026-07-26,2026-07-26_21.41.46,
https://eng.lsm.lv/article/features/media/23.07.2026-film-director-takes-over-at-latvian-youth-radio-station.a656080/,Film director takes over at Latvian youth radio station,2026-07-26,2026-07-26_21.41.46,
https://eng.lsm.lv/article/features/news-in-simple-latvian/23.07.2026-news-in-simple-latvian-22nd-july-2026.a656012/,"News in simple Latvian: 22nd July, 2026",2026-07-26,2026-07-26_21.41.46,
https://eng.lsm.lv/article/features/news-in-simple-latvian/22.07.2026-news-in-simple-latvian-21st-july-2026.a655850/,"News in simple Latvian: 21st July, 2026",2026-07-26,2026-07-26_21.41.46,
https://eng.lsm.lv/article/features/news-in-simple-latvian/21.07.2026-news-in-simple-latvian-20th-july-2026.a655734/,"News in simple Latvian: 20th July, 2026",2026-07-26,2026-07-26_21.41.46,
https://eng.lsm.lv/article/features/news-in-simple-latvian/20.07.2026-news-in-simple-latvian-19th-july-2026.a655603/,"News in simple Latvian: 19th July, 2026",2026-07-26,2026-07-26_21.41.46,
https://eng.lsm.lv/article/weather/weather/21.07.2026-two-roads-washed-away-in-talsi-district.a655738/,Two roads washed away in Talsi district,2026-07-26,2026-07-26_21.41.46,
https://eng.lsm.lv/article/weather/weather/20.07.2026-storm-warning-on-monday-across-latvia.a655604/,Storm warning on Monday across Latvia,2026-07-26,2026-07-26_21.41.46,
https://eng.lsm.lv/article/features/news-in-simple-latvian/08.08.2026-news-in-simple-latvian-8th-august-2026.a658030/,"News in simple Latvian: 8th August, 2026",2026-08-09,2026-08-09_13.23.45,
https://eng.lsm.lv/article/features/features/08.08.2026-for-sale-a-modern-latvian-architectural-icon.a657215/,For sale: a modern Latvian architectural icon,2026-08-09,2026-08-09_13.23.45,
https://eng.lsm.lv/article/features/news-in-simple-latvian/07.08.2026-news-in-simple-latvian-7th-august-2026.a657977/,"News in simple Latvian: 7th August, 2026",2026-08-09,2026-08-09_13.23.45,
https://eng.lsm.lv/article/society/education/07.08.2026-mikrotik-makes-another-large-donation-to-university.a657953/,MikroTik makes another large donation to university,2026-08-09,2026-08-09_13.23.45,
https://eng.lsm.lv/article/society/society/07.08.2026-jokes-and-art-or-racism-blurred-lines-in-latvia.a657949/,Jokes and art or racism: blurred lines in Latvia,2026-08-09,2026-08-09_13.23.45,
https://eng.lsm.lv/article/economy/business/07.08.2026-latvian-fuel-station-chain-virsi-posts-half-year-profit.a657933/,Latvian fuel station chain Virši posts half-year profit,2026-08-09,2026-08-09_13.23.45,
https://eng.lsm.lv/article/culture/sport/07.08.2026-speedway-stars-are-coming-to-riga.a657932/,Speedway stars are coming to Rīga,2026-08-09,2026-08-09_13.23.45,
https://eng.lsm.lv/article/society/education/07.08.2026-latvias-rd-spending-up-by-more-than-30-in-a-year.a657221/,Latvia's R&D spending up by more than 30% in a year,2026-08-09,2026-08-09_13.23.45,
https://eng.lsm.lv/article/politics/politics/07.08.2026-anti-bureaucracy-task-force-generates-25-more-proposals.a657894/,Anti-bureaucracy task force generates 25 more proposals,2026-08-09,2026-08-09_13.23.45,
https://eng.lsm.lv/article/politics/diplomacy/07.08.2026-state-chancellery-lowers-the-bar-looking-for-next-director.a657859/,State Chancellery lowers the bar looking for next director,2026-08-09,2026-08-09_13.23.45,
https://eng.lsm.lv/article/politics/saeima/06.08.2026-knab-will-check-if-saeima-deputies-are-gaming-the-system-on-expenses.a657791/,KNAB will check if Saeima deputies are gaming the system on expenses,2026-08-09,2026-08-09_13.23.45,
https://eng.lsm.lv/article/politics/politics/05.08.2026-frosty-meeting-between-latvian-government-and-ngos.a657681/,Frosty meeting between Latvian government and NGOs,2026-08-09,2026-08-09_13.23.45,
https://eng.lsm.lv/article/politics/politics/05.08.2026-latvian-minister-in-the-soup-after-lecturing-spain-on-immigration.a657536/,Latvian Minister in the soup after lecturing Spain on immigration,2026-08-09,2026-08-09_13.23.45,
https://eng.lsm.lv/article/politics/diplomacy/04.08.2026-latvias-national-position-on-russia-and-belarus-is-to-step-up-sanctions.a657500/,Latvia's 'national position' on Russia and Belarus is to step up sanctions,2026-08-09,2026-08-09_13.23.45,
https://eng.lsm.lv/article/politics/politics/03.08.2026-another-attempt-required-to-find-latvias-senior-civil-servant.a657262/,Another attempt required to find Latvia's senior civil servant,2026-08-09,2026-08-09_13.23.45,
https://eng.lsm.lv/article/politics/politics/03.08.2026-kulbergs-claims-about-ngo-costs-are-questionable.a657237/,Kulbergs' claims about NGO costs are questionable,2026-08-09,2026-08-09_13.23.45,
https://eng.lsm.lv/article/society/society/07.08.2026-users-should-check-their-latvian-e-signature-software-is-up-to-date.a657880/,Users should check their Latvian e-signature software is up to date,2026-08-09,2026-08-09_13.23.45,
https://eng.lsm.lv/article/society/crime/07.08.2026-latvian-police-say-they-have-caught-banned-channel-tv-technician.a657877/,Latvian police say they have caught banned channel TV technician,2026-08-09,2026-08-09_13.23.45,
https://eng.lsm.lv/article/society/society/07.08.2026-rent-for-municipal-apartments-in-daugavpils-will-be-doubled.a657867/,Rent for municipal apartments in Daugavpils will be doubled,2026-08-09,2026-08-09_13.23.45,
https://eng.lsm.lv/article/society/environment/07.08.2026-solar-eclipse-coming-latvias-way.a657855/,Solar eclipse coming Latvia's way,2026-08-09,2026-08-09_13.23.45,
https://eng.lsm.lv/article/society/environment/07.08.2026-asbestos-containing-roofing-still-widespread-in-latvia.a657852/,Asbestos-containing roofing still widespread in Latvia,2026-08-09,2026-08-09_13.23.45,
https://eng.lsm.lv/article/culture/culture/07.08.2026-three-for-the-weekend-paper-mill-operetta-theatre.a657891/,"Three for the Weekend: Paper mill, Operetta, Theatre",2026-08-09,2026-08-09_13.23.45,
https://eng.lsm.lv/article/culture/literature/07.08.2026-rakstivals-festival-champions-writing-this-weekend.a657869/,'Rakstivāls' festival champions writing this weekend,2026-08-09,2026-08-09_13.23.45,
https://eng.lsm.lv/article/culture/sport/06.08.2026-latvian-future-football-stadium-location-still-foggy.a657812/,Latvian future football stadium location still foggy,2026-08-09,2026-08-09_13.23.45,
https://eng.lsm.lv/article/culture/sport/06.08.2026-davis-bertans-ends-career-in-latvian-national-basketball-team.a657687/,Dāvis Bertāns ends career in Latvian national basketball team,2026-08-09,2026-08-09_13.23.45,
https://eng.lsm.lv/article/culture/sport/05.08.2026-urgent-repairs-required-at-balvi-swimming-pool.a657567/,Urgent repairs required at Balvi swimming pool,2026-08-09,2026-08-09_13.23.45,
https://eng.lsm.lv/article/culture/culture/04.08.2026-tere-naaber-estonian-days-are-coming-to-northern-latvia.a657447/,"Tere, naaber! Estonian Days are coming to northern Latvia",2026-08-09,2026-08-09_13.23.45,
https://eng.lsm.lv/article/culture/history/04.08.2026-possible-livonian-castle-site-examined-by-archaeologists.a657375/,Possible Livonian castle site examined by archaeologists,2026-08-09,2026-08-09_13.23.45,
https://eng.lsm.lv/article/economy/transport/07.08.2026-beware-of-heavy-machinery-during-harvest-in-latvia.a657881/,Beware of heavy machinery during harvest in Latvia,2026-08-09,2026-08-09_13.23.45,
https://eng.lsm.lv/article/economy/transport/07.08.2026-latvians-order-fewer-cheap-goods-since-new-tax-introduction.a657853/,Latvians order fewer cheap goods since new tax introduction,2026-08-09,2026-08-09_13.23.45,
https://eng.lsm.lv/article/economy/transport/06.08.2026-more-roads-to-be-resurfaced-in-latvia-this-year.a657797/,More roads to be resurfaced in Latvia this year,2026-08-09,2026-08-09_13.23.45,
https://eng.lsm.lv/article/economy/economy/06.08.2026-riga-heating-bills-set-to-rise-by-up-to-20.a657794/,Rīga heating bills set to rise by up to 20%,2026-08-09,2026-08-09_13.23.45,
https://eng.lsm.lv/article/economy/economy/06.08.2026-wood-pellet-producers-vow-to-supply-latvian-residents-first.a657728/,Wood pellet producers vow to supply Latvian residents first,2026-08-09,2026-08-09_13.23.45,
https://eng.lsm.lv/article/economy/business/06.08.2026-why-does-airbaltic-want-to-employ-its-pilots-via-switzerland.a657712/,Why does airBaltic want to employ its pilots via Switzerland?,2026-08-09,2026-08-09_13.23.45,
https://eng.lsm.lv/article/economy/economy/06.08.2026-grain-harvest-varies-regionally-in-latvia.a657695/,Grain harvest varies regionally in Latvia,2026-08-09,2026-08-09_13.23.45,
https://eng.lsm.lv/article/features/news-in-simple-latvian/06.08.2026-news-in-simple-latvian-6th-august-2026.a657842/,"News in simple Latvian: 6th August, 2026",2026-08-09,2026-08-09_13.23.45,
https://eng.lsm.lv/article/features/news-in-simple-latvian/06.08.2026-news-in-simple-latvian-5th-august-2026.a657684/,"News in simple Latvian: 5th August, 2026",2026-08-09,2026-08-09_13.23.45,
https://eng.lsm.lv/article/features/news-in-simple-latvian/04.08.2026-news-in-simple-latvian-4th-august-2026.a657524/,"News in simple Latvian: 4th August, 2026",2026-08-09,2026-08-09_13.23.45,
https://eng.lsm.lv/article/features/commentary/04.08.2026-millions-invested-in-digitalisation-but-is-productivity-keeping-pace.a657454/,"Millions invested in digitalisation, but is productivity keeping pace?",2026-08-09,2026-08-09_13.23.45,
https://eng.lsm.lv/article/features/media/04.08.2026-latvian-public-media-watchdog-head-re-elected.a657401/,Latvian public media watchdog head re-elected,2026-08-09,2026-08-09_13.23.45,
https://eng.lsm.lv/article/weather/weather/06.08.2026-solar-autumn-begins-in-latvia.a657756/,Solar autumn begins in Latvia,2026-08-09,2026-08-09_13.23.45,
https://eng.lsm.lv/article/weather/weather/06.08.2026-heat-alert-in-force-in-eastern-latvia-thursday.a657685/,Heat alert in force in eastern Latvia Thursday,2026-08-09,2026-08-09_13.23.45,
https://eng.lsm.lv/article/weather/weather/05.08.2026-hot-wednesday-ahead-in-latvia.a657533/,Hot Wednesday ahead in Latvia,2026-08-09,2026-08-09_13.23.45,
https://eng.lsm.lv/article/weather/weather/03.08.2026-temperatures-will-rise-midweek-in-latvia.a657256/,Temperatures will rise midweek in Latvia,2026-08-09,2026-08-09_13.23.45,
https://eng.lsm.lv/article/weather/weather/03.08.2026-sunny-and-warm-day-in-latvia-monday.a657210/,Sunny and warm day in Latvia Monday,2026-08-09,2026-08-09_13.23.45,
https://eng.lsm.lv/article/weather/weather/31.07.2026-jelgava-is-hot-on-friday.a657076/,Jelgava is hot on Friday,2026-08-09,2026-08-09_13.23.45,
https://eng.lsm.lv/article/weather/weather/31.07.2026-friday-will-be-hottest-day-of-week-in-latvia.a656995/,Friday will be hottest day of week in Latvia,2026-08-09,2026-08-09_13.23.45,
https://eng.lsm.lv/article/weather/weather/30.07.2026-latvia-will-get-hotter-on-thursday.a656831/,Latvia will get hotter on Thursday,2026-08-09,2026-08-09_13.23.45,
https://eng.lsm.lv/article/weather/weather/10.08.2026-windy-week-ahead-in-latvia.a658096/,Windy week ahead in Latvia,2026-08-10,2026-08-10_07.53.02,
https://eng.lsm.lv/article/culture/music/10.08.2026-foolish-hearts-politicians-and-russia-spread-nonsense-about-raimonds-pauls-ban.a658089/,Foolish Hearts: politicians and Russia spread nonsense about Raimonds Pauls 'ban',2026-08-10,2026-08-10_07.53.02,
https://eng.lsm.lv/article/society/environment/10.08.2026-locals-rally-for-fishing-ban-in-maras-pond-riga.a658086/,"Locals rally for fishing ban in Māras Pond, Rīga",2026-08-10,2026-08-10_07.53.02,
https://eng.lsm.lv/article/society/defence/07.08.2026-teams-invited-to-enter-upcoming-eudis-defence-hackathon-in-latvia.a657956/,Teams invited to enter upcoming EUDIS defence hackathon in Latvia,2026-08-10,2026-08-10_07.53.02,
https://eng.lsm.lv/article/society/environment/10.08.2026-too-much-seaweed-in-liepaja.a658080/,Too much seaweed in Liepāja,2026-08-10,2026-08-10_07.53.02,
https://eng.lsm.lv/article/culture/sport/10.08.2026-watch-european-athletics-all-week-long-on-lsm.a658082/,Watch European athletics all week long on LSM,2026-08-10,2026-08-10_07.53.02,
https://eng.lsm.lv/article/economy/business/10.08.2026-mere-chain-closure-amounts-to-major-losses-for-latvian-suppliers.a658078/,'Mere' chain closure amounts to major losses for Latvian suppliers,2026-08-10,2026-08-10_07.53.02,
https://eng.lsm.lv/article/weather/weather/10.08.2026-monday-will-be-warm-with-afternoon-rains-in-latvia.a658076/,Monday will be warm with afternoon rains in Latvia,2026-08-10,2026-08-10_07.53.02,
https://eng.lsm.lv/article/features/news-in-simple-latvian/10.08.2026-news-in-simple-latvian-9th-august-2026.a658075/,"News in simple Latvian: 9th August, 2026",2026-08-10,2026-08-10_07.53.02,
https://eng.lsm.lv/article/economy/transport/10.08.2026-f1-car-to-rattle-around-riga-streets-for-a-few-days.a658155/,F1 car to rattle around Rīga streets for a few days,2026-08-10,2026-08-10_10.23.23,
https://eng.lsm.lv/article/society/crime/10.08.2026-latvian-security-service-detains-russian-war-supporter.a658152/,Latvian Security Service detains Russian war supporter,2026-08-10,2026-08-10_10.23.23,
https://eng.lsm.lv/article/culture/food-drink/10.08.2026-what-will-be-on-the-menu-at-latvian-schools-this-year.a658149/,What will be on the menu at Latvian schools this year?,2026-08-10,2026-08-10_10.23.23,
https://eng.lsm.lv/article/culture/sport/10.08.2026-more-beach-volleyball-medals-for-latvia.a658144/,More beach volleyball medals for Latvia,2026-08-10,2026-08-10_10.23.23,
https://eng.lsm.lv/article/culture/music/10.08.2026-latvian-music-journalist-klass-vavere-dies-reportedly-on-hike-in-mexico.a658146/,"Latvian music journalist Klāss Vāvere dies, reportedly on hike in Mexico",2026-08-10,2026-08-10_10.23.23,
https://eng.lsm.lv/article/economy/transport/10.08.2026-roadworks-on-58-road-sections-across-latvia.a658130/,Roadworks on 58 road sections across Latvia,2026-08-10,2026-08-10_10.23.23,
https://eng.lsm.lv/article/economy/economy/10.08.2026-battery-park-to-be-built-in-grobina-latvia.a658185/,"Battery park to be built in Grobiņa, Latvia",2026-08-10,2026-08-10_13.22.00,
https://eng.lsm.lv/article/economy/transport/10.08.2026-boat-service-from-vecmilgravis-to-bolderaja-coming-next-spring.a658165/,Boat service from Vecmīlgrāvis to Bolderāja coming next spring,2026-08-10,2026-08-10_13.22.00,
https://eng.lsm.lv/article/society/defence/10.08.2026-one-month-until-latvian-dual-use-export-forum-on-natos-eastern-border.a658221/,One month until 'Latvian Dual-Use Export Forum' on NATO's eastern border,2026-08-10,2026-08-10_16.04.34,
https://eng.lsm.lv/article/economy/employment/10.08.2026-latvia-has-quite-a-few-firefighters.a658083/,Latvia has quite a few firefighters,2026-08-10,2026-08-10_16.04.34,
https://eng.lsm.lv/article/culture/art/10.08.2026-atlantis-mural-unveiled-in-riga-underpass.a658213/,'Atlantis' mural unveiled in Rīga underpass,2026-08-10,2026-08-10_16.04.34,
https://eng.lsm.lv/article/society/society/10.08.2026-e-address-to-be-unavailable-over-weekend-in-latvia.a658204/,E-address to be unavailable over weekend in Latvia,2026-08-10,2026-08-10_16.04.34,
https://eng.lsm.lv/article/society/defence/10.08.2026-riga-stratcom-centre-publishes-new-russia-report.a658250/,Rīga StratCom centre publishes new Russia report,2026-08-10,2026-08-10_19.05.23,
