url,headline,source,scrape_date,theme,theme_name,all_themes
https://news.err.ee/1610075686/russian-disinformation-surge-may-be-connected-to-upcoming-baltic-elections,Russian disinformation surge may be connected to upcoming Baltic elections,err_ee,2026-07-12,1,Russia & Kremlin,Russia & Kremlin; Hybrid warfare
https://news.err.ee/1610074699/defense-intelligence-russia-may-face-air-force-fuel-problems-after-ukrainian-strikes,Defense Intelligence: Russia may face air force fuel problems after Ukrainian strikes,err_ee,2026-07-12,1,Russia & Kremlin,Ukraine; Russia & Kremlin; NATO & defence
https://news.err.ee/1610073646/estonian-government-approves-extending-temporary-protection-of-ukrainian-refugees,Estonian government approves extending temporary protection of Ukrainian refugees,err_ee,2026-07-12,0,Ukraine,Ukraine; Border & migration
https://news.err.ee/1610075275/estonia-joins-other-2-baltic-states-in-protest-over-russian-airspace-claims,Estonia joins other 2 Baltic states in protest over Russian airspace claims,err_ee,2026-07-12,1,Russia & Kremlin,Russia & Kremlin; Drones & airspace
https://news.err.ee/1610076331/tv-thriller-series-being-shot-in-ukraine-and-estonia,TV thriller series being shot in Ukraine and Estonia,err_ee,2026-07-13,0,Ukraine,Ukraine
https://news.err.ee/1610076253/ukraine-war-drives-nonmilitary-women-to-join-defense-organization-in-estonia,Ukraine war drives nonmilitary women to join defense organization in Estonia,err_ee,2026-07-13,2,NATO & defence,Ukraine; NATO & defence
https://news.err.ee/1610076463/tartu-wrapping-school-shelter-windows-in-plastic-to-protect-against-attacks,Tartu wrapping school shelter windows in plastic to protect against attacks,err_ee,2026-07-13,2,NATO & defence,NATO & defence
https://news.err.ee/1610076910/russia-holds-live-fire-exercise-on-lake-peipus-without-informing-estonia,Russia holds live-fire exercise on Lake Peipus without informing Estonia,err_ee,2026-07-14,2,NATO & defence,Russia & Kremlin; NATO & defence
https://news.err.ee/1610077015/just-1-in-3-conscripts-accepted-as-armed-forces-take-gap-year,Just 1 in 3 conscripts accepted as armed forces take 'gap year',err_ee,2026-07-14,2,NATO & defence,NATO & defence
https://news.err.ee/1610077216/estonia-ukraine-drone-deal-implementation-begins-immediately,Estonia–Ukraine drone deal implementation 'begins immediately',err_ee,2026-07-14,0,Ukraine,Ukraine; Drones & airspace
https://news.err.ee/1610077186/watch-stefan-hedlund-you-can-t-have-a-rational-discourse-with-people-who-love-russia,Watch | Stefan Hedlund: You can't have a rational discourse with people who love Russia,err_ee,2026-07-14,1,Russia & Kremlin,Russia & Kremlin
https://news.err.ee/1610077303/russia-plans-to-take-baltics-to-international-court-of-justice-over-alleged-discrimination,Russia plans to take Baltics to International Court of Justice over alleged discrimination,err_ee,2026-07-14,1,Russia & Kremlin,Russia & Kremlin
https://news.err.ee/1610077780/heavy-rain-slows-work-on-estonia-s-eastern-border,Heavy rain slows work on Estonia's eastern border,err_ee,2026-07-15,4,Border & migration,Border & migration
https://news.err.ee/1610078008/us-close-to-resuming-weapons-deliveries-says-estonian-ambassador,"US 'close' to resuming weapons deliveries, says Estonian ambassador",err_ee,2026-07-15,2,NATO & defence,NATO & defence
https://news.err.ee/1610077843/estonian-troops-join-bastille-day-parade-in-paris,Estonian troops join Bastille Day parade in Paris,err_ee,2026-07-15,2,NATO & defence,NATO & defence
https://news.err.ee/1610077954/man-carrying-deactivated-machine-gun-in-tallinn-has-weapon-confiscated,Man carrying deactivated machine gun in Tallinn has weapon confiscated,err_ee,2026-07-15,2,NATO & defence,NATO & defence
https://news.err.ee/1610078884/prime-minister-estonia-can-fund-defense-and-still-cut-spending,Prime minister: Estonia can fund defense and still cut spending,err_ee,2026-07-16,2,NATO & defence,NATO & defence
https://news.err.ee/1610078008/us-close-to-resuming-weapons-deliveries-says-estonian-officials,"US 'close' to resuming weapons deliveries, says Estonian officials",err_ee,2026-07-16,2,NATO & defence,NATO & defence
https://news.err.ee/1610079607/uk-to-deploy-more-soldiers-and-preposition-ammunition-in-estonia,UK to deploy more soldiers and preposition ammunition in Estonia,err_ee,2026-07-17,2,NATO & defence,NATO & defence
https://news.err.ee/1610079931/russia-s-fuel-shortages-could-lead-to-more-repressions-says-estonian-intel,"Russia's fuel shortages could lead to more repressions, says Estonian intel",err_ee,2026-07-17,1,Russia & Kremlin,Russia & Kremlin
https://news.err.ee/1610080546/russia-protests-removal-of-valga-county-soviet-war-memorial,Russia protests removal of Valga County Soviet war memorial,err_ee,2026-07-18,1,Russia & Kremlin,Russia & Kremlin
https://news.err.ee/1610080570/russia-bans-all-commercial-freight-transport-by-estonia-registered-trucks,Russia bans all commercial freight transport by Estonia-registered trucks,err_ee,2026-07-18,1,Russia & Kremlin,Russia & Kremlin
https://news.err.ee/1610081377/drone-defense-system-on-estonia-s-eastern-border-still-in-early-development,Drone‑defense system on Estonia's eastern border still in early development,err_ee,2026-07-20,3,Drones & airspace,NATO & defence; Drones & airspace; Border & migration
https://news.err.ee/1610081455/estonian-hunters-deploy-drones-to-keep-african-swine-fever-from-farms,Estonian hunters deploy drones to keep African swine fever from farms,err_ee,2026-07-20,3,Drones & airspace,NATO & defence; Drones & airspace
https://news.err.ee/1610081461/gallery-wagner-s-das-rheingold-staged-in-full-for-first-time-at-saaremaa-opera-days,Gallery: Wagner's 'Das Rheingold' staged in full for first time at Saaremaa Opera Days,err_ee,2026-07-20,1,Russia & Kremlin,Russia & Kremlin
https://news.err.ee/1610081596/veteran-diplomat-nato-s-deterrence-is-meant-to-work-primarily-in-putin-s-mind,Veteran diplomat: NATO's deterrence is meant to work primarily in Putin's mind,err_ee,2026-07-20,2,NATO & defence,Russia & Kremlin; NATO & defence
https://news.err.ee/1610081680/minister-closure-of-estonia-s-border-with-russia-depends-on-threat-assessment,Minister: Closure of Estonia's border with Russia depends on threat assessment,err_ee,2026-07-20,4,Border & migration,Russia & Kremlin; Border & migration
https://news.err.ee/1610082355/estonian-expert-larger-middle-east-war-likely,Estonian expert: Larger Middle East war likely,err_ee,2026-07-21,2,NATO & defence,NATO & defence
https://news.err.ee/1610082268/foreign-ministry-s-ukraine-bureau-chief-ukraine-s-soldiers-can-t-afford-to-be-shaken-by-political-upheaval,Foreign Ministry's Ukraine bureau chief: Ukraine's soldiers can't afford to be shaken by political upheaval,err_ee,2026-07-21,0,Ukraine,Ukraine; NATO & defence
https://news.err.ee/1610082736/turkish-airlines-suspected-of-using-russian-airspace-on-flight-from-tallinn,Turkish Airlines suspected of using Russian airspace on flight from Tallinn,err_ee,2026-07-21,3,Drones & airspace,Russia & Kremlin; Drones & airspace
https://news.err.ee/1610082373/rising-insolvencies-could-threaten-estonia-s-internal-security-agency-says,"Rising insolvencies could threaten Estonia's internal security, agency says",err_ee,2026-07-21,7,Other defence,Other defence
https://news.err.ee/1610082373/rising-insolvencies-could-threaten-estonia-s-internal-security,Rising insolvencies could threaten Estonia's internal security,err_ee,2026-07-21,7,Other defence,Other defence
https://news.err.ee/1610083501/expert-ukraine-s-defense-changes-unlikely-to-have-a-direct-impact-on-battlefield,Expert: Ukraine's defense changes unlikely to have a 'direct' impact on battlefield,err_ee,2026-07-22,2,NATO & defence,Ukraine; NATO & defence
https://news.err.ee/1610084080/financial-strain-driving-more-cat-surrenders-to-shelters,Financial strain driving more cat surrenders to shelters,err_ee,2026-07-23,2,NATO & defence,NATO & defence
https://news.err.ee/1610084782/bank-of-estonia-expert-russia-s-economy-is-approaching-stagnation,Bank of Estonia expert: Russia's economy is approaching stagnation,err_ee,2026-07-23,1,Russia & Kremlin,Russia & Kremlin
https://news.err.ee/1610084398/critics-claim-anti-russian-messaging-in-estonian-meat-advertisement,Critics claim anti-Russian messaging in Estonian meat advertisement,err_ee,2026-07-23,1,Russia & Kremlin,Russia & Kremlin
https://news.err.ee/1610084590/otp-bank-makes-boldest-dreams-in-russia-come-true,OTP Bank makes boldest dreams in Russia come true,err_ee,2026-07-23,1,Russia & Kremlin,Russia & Kremlin
https://news.err.ee/1610084779/parnu-defense-industrial-park-litigation-drags-on-due-to-noise-complaints,Pärnu Defense Industrial Park litigation drags on due to noise complaints,err_ee,2026-07-23,2,NATO & defence,NATO & defence
https://news.err.ee/1610085589/russia-orders-yandex-maps-to-blur-military-and-strategic-sites-near-estonia-s-border,Russia orders Yandex Maps to blur military and strategic sites near Estonia's border,err_ee,2026-07-24,1,Russia & Kremlin,Russia & Kremlin; NATO & defence; Border & migration
https://news.err.ee/1610085658/32-migrants-arrested-in-estonia-linked-to-latvia-belarus-migration-pressure,32 migrants arrested in Estonia linked to Latvia-Belarus migration pressure,err_ee,2026-07-24,4,Border & migration,Border & migration
https://news.err.ee/1610085871/estonian-citizen-in-us-pleads-guilty-to-procuring-electronics-for-russia,Estonian citizen in US pleads guilty to procuring electronics for Russia,err_ee,2026-07-24,1,Russia & Kremlin,Russia & Kremlin
https://news.err.ee/1610085697/defense-intelligence-strikes-on-online-retail-hubs-add-economic-pressure-on-russia,Defense Intelligence: Strikes on online retail hubs add economic pressure on Russia,err_ee,2026-07-24,1,Russia & Kremlin,Russia & Kremlin; NATO & defence
https://news.err.ee/1610086312/katrina-lehis-loses-to-russian-fencer-at-world-championships,Katrina Lehis loses to Russian fencer at world championships,err_ee,2026-07-25,1,Russia & Kremlin,Russia & Kremlin; Border & migration
https://news.err.ee/1610085874/open-narva-days-offer-peek-into-lesser-known-sides-of-estonian-border-city,Open Narva Days offer peek into lesser-known sides of Estonian border city,err_ee,2026-07-25,4,Border & migration,Border & migration
https://news.err.ee/1610086249/estonia-and-other-baltic-states-ukraine-slam-ioc-decision-on-russian-athletes,"Estonia and other Baltic states, Ukraine slam IOC decision on Russian athletes",err_ee,2026-07-25,1,Russia & Kremlin,Ukraine; Russia & Kremlin
https://news.err.ee/1610086300/ministries-oppose-riigikogu-members-special-military-court-bill,Ministries oppose Riigikogu members' special military court bill,err_ee,2026-07-25,2,NATO & defence,NATO & defence
https://news.err.ee/1610086414/ministry-of-defense-opposed-to-restoring-special-pensions-for-edf-personnel,Ministry of Defense opposed to restoring special pensions for EDF personnel,err_ee,2026-07-26,2,NATO & defence,NATO & defence
https://news.err.ee/1610086741/border-authorities-apprehend-illegal-migrants-in-estonia-for-4th-day-in-a-row,Border authorities apprehend illegal migrants in Estonia for 4th day in a row,err_ee,2026-07-26,4,Border & migration,Border & migration
https://news.err.ee/1610087650/ministry-does-not-support-bill-allowing-allied-citizens-in-estonia-s-defense,Ministry does not support bill allowing allied citizens in Estonia's defense,err_ee,2026-07-27,2,NATO & defence,NATO & defence
https://news.err.ee/1610088079/estonia-moves-to-keep-russia-border-checkpoints-closed-overnight,Estonia moves to keep Russia border checkpoints closed overnight,err_ee,2026-07-28,4,Border & migration,Russia & Kremlin; Border & migration
https://news.err.ee/1610088115/former-edf-chief-european-army-officers-were-like-cartoon-characters-before-ukraine-war,Former EDF chief: European army officers were like cartoon characters before Ukraine war,err_ee,2026-07-28,2,NATO & defence,Ukraine; NATO & defence
https://news.err.ee/1610088922/minister-estonia-sends-extra-border-guards-to-latvia-as-belarus-drives-migrant-surge,Minister: Estonia sends extra border guards to Latvia as Belarus drives migrant surge,err_ee,2026-07-29,4,Border & migration,Border & migration
https://news.err.ee/1610098003/1790-naval-battle-of-tallinn-monument-to-be-relocated-to-aegna-island,1790 naval battle of Tallinn monument to be relocated to Aegna Island,err_ee,2026-07-29,2,NATO & defence,NATO & defence
https://news.err.ee/1610098030/anton-aleksejev-a-conflict-between-two-strategies-in-ukraine,Anton Aleksejev: A conflict between two strategies in Ukraine,err_ee,2026-07-29,0,Ukraine,Ukraine
https://news.err.ee/1610098393/63-migrants-from-belarus-caught-in-estonia-last-week-and-more-expected-ppa-says,"63 migrants from Belarus caught in Estonia last week and more expected, PPA says",err_ee,2026-07-30,4,Border & migration,Border & migration
https://news.err.ee/1610098696/estonian-conscripts-allowed-to-grow-beards-but-stubble-still-off-limits,"Estonian conscripts allowed to grow beards, but stubble still off‑limits",err_ee,2026-07-30,2,NATO & defence,NATO & defence
https://news.err.ee/1610098654/bronze-soldier-night-proved-estonia-is-a-sovereign-nation-says-former-pm,"'Bronze Soldier' Night proved Estonia is a sovereign nation, says former PM",err_ee,2026-07-30,2,NATO & defence,NATO & defence
https://news.err.ee/1610098843/major-police-operation-in-tallinn-targets-illegal-migrants,Major police operation in Tallinn targets illegal migrants,err_ee,2026-07-30,4,Border & migration,Border & migration
https://news.err.ee/1610098774/turkish-airlines-entry-into-russian-airspace-was-a-one-off-weather-related-decision,Turkish Airlines: Entry into Russian airspace was a one‑off weather-related decision,err_ee,2026-07-30,3,Drones & airspace,Russia & Kremlin; Drones & airspace
https://news.err.ee/1610099929/finland-to-assist-estonia-with-catching-migrants-interior-minister-says,"Finland to assist Estonia with catching migrants, interior minister says",err_ee,2026-07-31,4,Border & migration,Border & migration
https://news.err.ee/1610099842/edf-intel-shipping-from-ukraine-s-ports-halted-after-russian-attacks,EDF intel: Shipping from Ukraine's ports halted after Russian attacks,err_ee,2026-07-31,0,Ukraine,Ukraine; Russia & Kremlin
https://news.err.ee/1610099929/finland-to-work-with-estonia-to-stop-migrants-interior-minister-says,"Finland to work with Estonia to stop migrants, interior minister says",err_ee,2026-07-31,4,Border & migration,Border & migration
https://news.err.ee/1610100322/turkish-air-force-takes-over-nato-s-newly-upgraded-baltic-air-defense-mission-in-estonia,Turkish Air Force takes over NATO's newly upgraded Baltic air defense mission in Estonia,err_ee,2026-08-01,2,NATO & defence,NATO & defence
https://news.err.ee/1610100346/ppa-nomme-migrant-case-is-not-an-isolated-incident,PPA: Nõmme migrant case is not an isolated incident,err_ee,2026-08-01,4,Border & migration,Border & migration
https://news.err.ee/1610099953/aimar-ventsel-in-moldova-kazakhstan-and-georgia-russia-is-one-of-us,"Aimar Ventsel: In Moldova, Kazakhstan and Georgia, Russia is 'one of us'",err_ee,2026-08-01,1,Russia & Kremlin,Russia & Kremlin
https://news.err.ee/1610100415/police-will-not-control-queue-place-buying-at-narva-border,Police will not control queue 'place buying' at Narva border,err_ee,2026-08-01,4,Border & migration,Border & migration
https://news.err.ee/1610100799/center-party-leader-backs-temporary-border-controls-over-migration-concerns,Center Party leader backs temporary border controls over migration concerns,err_ee,2026-08-02,4,Border & migration,Border & migration
https://news.err.ee/1610101322/humvee-purchased-in-canada-by-estonian-volunteers-bound-for-ukraine-s-front-lines,Humvee purchased in Canada by Estonian volunteers bound for Ukraine's front lines,err_ee,2026-08-03,0,Ukraine,Ukraine
https://news.err.ee/1610101408/estonia-joins-eu-leaders-urging-spain-action-after-ceuta-migrant-surge,Estonia joins EU leaders urging Spain action after Ceuta migrant surge,err_ee,2026-08-03,4,Border & migration,Border & migration
https://news.err.ee/1610101675/fugitive-suspect-in-estonian-criminal-case-caught-at-latvian-russian-border,Fugitive suspect in Estonian criminal case caught at Latvian-Russian border,err_ee,2026-08-03,4,Border & migration,Russia & Kremlin; Border & migration
https://news.err.ee/1610102092/estonia-sends-third-ppa-unit-to-tackle-migration-on-latvia-belarus-border,Estonia sends third PPA unit to tackle migration on Latvia-Belarus border,err_ee,2026-08-04,4,Border & migration,Border & migration
https://news.err.ee/1610102056/nato-ambassador-putin-does-not-see-his-military-options-as-having-run-out,NATO ambassador: Putin does not see his military options as having run out,err_ee,2026-08-04,2,NATO & defence,Russia & Kremlin; NATO & defence
https://news.err.ee/1610101642/estonia-ramps-up-defenses-against-invasive-pests-as-warming-climate-hikes-risks,Estonia ramps up defenses against invasive pests as warming climate hikes risks,err_ee,2026-08-04,2,NATO & defence,NATO & defence
https://news.err.ee/1610102056/ambassador-putin-does-not-see-his-military-options-as-having-run-out,Ambassador: Putin does not see his military options as having run out,err_ee,2026-08-04,1,Russia & Kremlin,Russia & Kremlin; NATO & defence
https://news.err.ee/1610103055/former-defense-chief-riho-uhtegi-bows-out-of-estonian-presidency-race,Former defense chief Riho Ühtegi bows out of Estonian presidency race,err_ee,2026-08-05,2,NATO & defence,NATO & defence
https://news.err.ee/1610102932/estonia-secures-up-to-2-34-billion-eu-loan-for-defense-investments,Estonia secures up to €2.34 billion EU loan for defense investments,err_ee,2026-08-05,2,NATO & defence,NATO & defence
https://news.err.ee/1610103079/u-s-weapons-paused-by-iran-conflict-set-to-reach-estonia-within-weeks,U.S. weapons paused by Iran conflict set to reach Estonia within weeks,err_ee,2026-08-05,2,NATO & defence,NATO & defence
https://news.err.ee/1610103298/interior-minister-estonia-s-crisis-preparedness-not-entirely-in-line-with-threats,Interior minister: Estonia's crisis preparedness not entirely in line with threats,err_ee,2026-08-05,2,NATO & defence,NATO & defence
https://news.err.ee/1610103268/estonia-returns-first-illegal-migrants-to-latvia,Estonia returns first illegal migrants to Latvia,err_ee,2026-08-05,4,Border & migration,Border & migration
https://news.err.ee/1610103772/tartu-schools-to-offer-drone-training-this-fall,Tartu schools to offer drone training this fall,err_ee,2026-08-06,3,Drones & airspace,Drones & airspace
https://news.err.ee/1610103814/tiny-new-gallery-on-lake-peipus-shore-opens-with-estonia-ukraine-show,Tiny new gallery on Lake Peipus shore opens with Estonia-Ukraine show,err_ee,2026-08-06,0,Ukraine,Ukraine
https://news.err.ee/1610104033/estonian-defense-tech-firm-hevi-optronics-to-build-new-factory-near-tallinn,Estonian defense tech firm Hevi Optronics to build new factory near Tallinn,err_ee,2026-08-06,2,NATO & defence,NATO & defence
https://news.err.ee/1610104541/air-force-finnish-airspace-closures-do-not-affect-estonia,Air force: Finnish airspace closures do not affect Estonia,err_ee,2026-08-07,3,Drones & airspace,Drones & airspace
https://news.err.ee/1610105089/expert-talk-of-a-direct-russian-attack-is-extremely-foolish,Expert: Talk of a direct Russian attack is extremely foolish,err_ee,2026-08-07,1,Russia & Kremlin,Russia & Kremlin
https://news.err.ee/1610105173/disputes-reported-in-estonia-detention-facility-as-99-migrants-recently-caught,Disputes reported in Estonia detention facility as 99 migrants recently caught,err_ee,2026-08-07,4,Border & migration,Border & migration
https://news.err.ee/1610105495/another-26-kilometers-of-estonia-s-border-infrastructure-completed,Another 26 kilometers of Estonia's border infrastructure completed,err_ee,2026-08-08,4,Border & migration,Border & migration
https://news.err.ee/1610105531/intel-russia-captured-less-than-40-square-kilometers-of-ukrainian-territory-in-july,Intel: Russia captured less than 40 square kilometers of Ukrainian territory in July,err_ee,2026-08-08,1,Russia & Kremlin,Ukraine; Russia & Kremlin
https://news.err.ee/1610105140/estonia-s-aidu-defense-park-must-address-groundwater-risks,Estonia's Aidu defense park must address groundwater risks,err_ee,2026-08-08,2,NATO & defence,NATO & defence
https://news.err.ee/1609932407/watch-estonia-s-special-forces-detain-a-suspected-smugglers-ship,Watch: Estonia's special forces detain a suspected smugglers ship,err_ee,2026-08-08,4,Border & migration,NATO & defence; Border & migration
https://news.err.ee/1610106358/estonia-axes-unemployment-benefit-for-young-people-finishing-conscription,Estonia axes unemployment benefit for young people finishing conscription,err_ee,2026-08-10,2,NATO & defence,NATO & defence
https://news.err.ee/1610106832/southeastern-estonian-lighthouse-draws-visitors-with-close-up-russia-views,Southeastern Estonian lighthouse draws visitors with close-up Russia views,err_ee,2026-08-10,1,Russia & Kremlin,Russia & Kremlin
https://news.err.ee/1610106778/meelis-oidsalu-u-s-intelligence-changed-its-assessment-of-the-russian-threat-less-than-it-seems,Meelis Oidsalu: U.S. intelligence changed its assessment of the Russian threat less than it seems,err_ee,2026-08-10,1,Russia & Kremlin,Russia & Kremlin
https://news.err.ee/1610107225/estonians-donations-to-ukraine-have-dried-up,Estonians' donations to Ukraine have dried up,err_ee,2026-08-11,0,Ukraine,Ukraine
https://news.err.ee/1609964222/more-known-about-estonia-s-seal-population-than-ever-before-thanks-to-drone-tech,More known about Estonia's seal population than ever before thanks to drone tech,err_ee,2026-08-11,3,Drones & airspace,Drones & airspace
https://news.err.ee/1610107327/expert-u-s-mood-toward-ukraine-shifts-as-zelenskyy-now-seen-as-a-winner,Expert: U.S. mood toward Ukraine shifts as Zelenskyy now seen as a winner,err_ee,2026-08-11,0,Ukraine,Ukraine
https://news.err.ee/1610107633/tallinn-offers-defense-league-part-of-linnahall-for-indoor-shooting-range,Tallinn offers Defense League part of Linnahall for indoor shooting range,err_ee,2026-08-11,2,NATO & defence,NATO & defence
https://news.err.ee/1610108122/estonia-to-adopt-new-eu-transparency-rules-on-ai-and-deepfakes,Estonia to adopt new EU transparency rules on AI and 'deepfakes',err_ee,2026-08-12,5,Hybrid warfare,Hybrid warfare
https://news.err.ee/1610109211/estonia-extends-overnight-russia-border-closures-indefinitely,Estonia extends overnight Russia border closures indefinitely,err_ee,2026-08-13,4,Border & migration,Russia & Kremlin; Border & migration
https://news.err.ee/1610109265/argo-ideon-the-purpose-of-russia-s-parliamentary-elections-is-to-secure-kremlin-power,Argo Ideon: The purpose of Russia's 'parliamentary elections' is to secure Kremlin power,err_ee,2026-08-13,1,Russia & Kremlin,Russia & Kremlin
https://news.err.ee/1610110252/security-researchers-deterrence-goes-beyond-stockpiling-weapons,Security researchers: Deterrence goes beyond stockpiling weapons,err_ee,2026-08-14,2,NATO & defence,NATO & defence
https://news.err.ee/1610110522/police-more-than-50-irregular-migrants-detained-in-estonia-claim-to-be-minors,Police: more than 50 irregular migrants detained in Estonia claim to be minors,err_ee,2026-08-14,4,Border & migration,Border & migration
https://news.err.ee/1610110267/ilu-hack-pop-up-pood-estonian-english-mixing-thrives-in-compound-nouns,"Ilu-hack, pop-up pood: Estonian-English mixing thrives in compound nouns",err_ee,2026-08-14,5,Hybrid warfare,Hybrid warfare
https://news.err.ee/1610110393/edf-russian-mobilization-would-put-pressure-on-ukraine-and-change-wider-security-situation,EDF: Russian mobilization would put pressure on Ukraine and change wider security situation,err_ee,2026-08-14,0,Ukraine,Ukraine; Russia & Kremlin; NATO & defence
https://news.err.ee/1610110495/anton-aleksejev-putin-does-not-know-the-people-he-lives-among,Anton Aleksejev: Putin does not know the people he lives among,err_ee,2026-08-15,1,Russia & Kremlin,Russia & Kremlin
https://news.err.ee/1610111107/mounting-public-interest-seeing-teachers-brush-up-on-drone-knowledge,Mounting public interest seeing teachers brush up on drone knowledge,err_ee,2026-08-15,3,Drones & airspace,Drones & airspace
https://news.err.ee/1610110468/gallery-ukrainian-children-s-fairytale-art-from-kharkiv-reaches-estonia,Gallery: Ukrainian children's fairytale art from Kharkiv reaches Estonia,err_ee,2026-08-15,0,Ukraine,Ukraine
https://news.err.ee/1610110489/reform-party-wants-former-ekre-mp-as-next-riigikogu-defense-committee-chair,Reform Party wants former EKRE MP as next Riigikogu Defense Committee chair,err_ee,2026-08-15,2,NATO & defence,NATO & defence
https://news.err.ee/1610111083/drone-surveillance-system-starts-work-on-narva-river,Drone surveillance system starts work on Narva River,err_ee,2026-08-15,3,Drones & airspace,Drones & airspace
https://www.lrt.lt/en/news-in-english/19/2989283/civic-initiative-turns-old-phones-into-drone-detectors-as-lithuania-fixates-on-air-defence,Civic initiative turns old phones into drone detectors as Lithuania fixates on air defence,lrt_lt,2026-07-19,2,NATO & defence,NATO & defence; Drones & airspace
https://www.lrt.lt/en/news-in-english/19/2993321/false-bomb-threats-prompt-evacuations-at-lithuanian-businesses-and-emergency-services,False bomb threats prompt evacuations at Lithuanian businesses and emergency services,lrt_lt,2026-07-19,2,NATO & defence,NATO & defence
https://www.lrt.lt/en/news-in-english/19/2993182/german-brigade-troops-to-arrive-at-lithuania-s-rudninkai-base-this-autumn-minister-says,"German brigade troops to arrive at Lithuanias Rūdninkai base this autumn, minister says",lrt_lt,2026-07-19,2,NATO & defence,NATO & defence
https://www.lrt.lt/en/news-in-english/19/2993063/exhumation-of-soviet-soldiers-remains-begins-in-lithuania-s-vievis,Exhumation of Soviet soldiersâ remains begins in Lithuaniaâs Vievis,lrt_lt,2026-07-19,2,NATO & defence,NATO & defence
https://www.lrt.lt/en/news-in-english/19/2992277/do-you-know-where-your-nearest-shelter-is-only-one-in-five-lithuanians-do,Do you know where your nearest shelter is? Only one in five Lithuanians do,lrt_lt,2026-07-19,2,NATO & defence,NATO & defence
https://www.lrt.lt/en/news-in-english/19/2993047/lithuania-begins-construction-of-second-phase-of-military-base-for-german-brigade,Lithuania begins construction of second phase of military base for German brigade,lrt_lt,2026-07-19,2,NATO & defence,NATO & defence
https://www.lrt.lt/en/news-in-english/19/2992334/lrt-english-newsletter-russia-planning-something,LRT English Newsletter: Russia planning something?,lrt_lt,2026-07-19,1,Russia & Kremlin,Russia & Kremlin
https://www.lrt.lt/en/news-in-english/19/2992108/new-minister-says-border-guards-should-be-allowed-to-use-firearms-against-migrants,New minister says border guards should be allowed to use firearms against migrants,lrt_lt,2026-07-19,4,Border & migration,NATO & defence; Border & migration
https://www.lrt.lt/en/news-in-english/19/2992294/latvia-to-donate-radars-to-lithuania-to-strengthen-air-defences,Latvia to donate radars to Lithuania to strengthen air defences,lrt_lt,2026-07-19,2,NATO & defence,NATO & defence
https://www.lrt.lt/en/news-in-english/19/2992211/eu-court-dismisses-final-challenge-to-sanctions-on-belarusian-transit-through-lithuania,EU court dismisses final challenge to sanctions on Belarusian transit through Lithuania,lrt_lt,2026-07-19,4,Border & migration,Border & migration
https://www.lrt.lt/en/news-in-english/19/2989137/baltic-states-reject-russian-claims-over-airspace-in-joint-diplomatic-protest,Baltic states reject Russian claims over airspace in joint diplomatic protest,lrt_lt,2026-07-19,1,Russia & Kremlin,Russia & Kremlin; Drones & airspace
https://www.lrt.lt/en/news-in-english/19/2989093/lithuania-sends-more-guards-to-latvia-as-minister-raises-prospect-of-border-checks,Lithuania sends more guards to Latvia as minister raises prospect of border checks,lrt_lt,2026-07-19,4,Border & migration,Border & migration
https://www.lrt.lt/en/news-in-english/19/2989202/nato-air-defence-pledge-for-baltics-promises-and-reality,NATO air defence pledge for Baltics: promises and reality,lrt_lt,2026-07-19,2,NATO & defence,NATO & defence
https://www.lrt.lt/en/news-in-english/19/2997350/most-poles-oppose-return-of-compulsory-military-service,Most Poles oppose return of compulsory military service,lrt_lt,2026-07-26,2,NATO & defence,NATO & defence
https://www.lrt.lt/en/news-in-english/19/2998303/belarusian-man-says-asylum-in-lithuania-endangered-by-politics-history-shows-otherwise,Belarusian man says asylum in Lithuania endangered by politics. History shows otherwise,lrt_lt,2026-07-26,4,Border & migration,Border & migration
https://www.lrt.lt/en/news-in-english/19/3000267/store-chain-closing-in-lithuania-as-its-owner-falls-under-latest-russia-sanctions,Store chain closing in Lithuania as its owner falls under latest Russia sanctions,lrt_lt,2026-07-26,1,Russia & Kremlin,Russia & Kremlin
https://www.lrt.lt/en/news-in-english/19/3000197/lithuania-s-auditor-general-suggests-fixing-military-spending-above-5-beyond-2030,Lithuaniaâs auditor general suggests fixing military spending above 5% beyond 2030,lrt_lt,2026-07-26,2,NATO & defence,NATO & defence
https://www.lrt.lt/en/news-in-english/19/3000153/lithuania-investigates-citizen-on-suspicion-of-spying-for-russia,Lithuania investigates citizen on suspicion of spying for Russia,lrt_lt,2026-07-26,1,Russia & Kremlin,Russia & Kremlin; Hybrid warfare
https://www.lrt.lt/en/news-in-english/19/3000095/lithuania-weighs-joining-new-international-defence-financing-initiatives-minister,Lithuania weighs joining new international defence financing initiatives â minister,lrt_lt,2026-07-26,2,NATO & defence,NATO & defence
https://www.lrt.lt/en/news-in-english/19/3000051/lithuanian-fm-slams-concessions-in-latest-russia-sanctions-round,Lithuanian FM slams concessions in latest Russia sanctions round,lrt_lt,2026-07-26,1,Russia & Kremlin,Russia & Kremlin
https://www.lrt.lt/en/news-in-english/19/2999178/former-lithuanian-army-chief-warns-ukraine-leadership-changes-risk-military-instability,Former Lithuanian army chief warns Ukraine leadership changes risk military instability,lrt_lt,2026-07-26,2,NATO & defence,Ukraine; NATO & defence
https://www.lrt.lt/en/news-in-english/19/2999139/lithuanian-polish-border-officials-to-discuss-easing-checks-amid-temporary-controls,"Lithuanian, Polish border officials to discuss easing checks amid temporary controls",lrt_lt,2026-07-26,4,Border & migration,Border & migration
https://www.lrt.lt/en/news-in-english/19/2998285/uk-swaps-tanks-for-drones-in-the-baltics-the-way-of-war-is-changing,UK swaps tanks for drones in the Baltics: âThe way of war is changingâ,lrt_lt,2026-07-26,2,NATO & defence,NATO & defence; Drones & airspace
https://www.lrt.lt/en/news-in-english/19/2997319/fatigue-in-europe-lithuania-among-few-fighting-for-russia-sanctions,âFatigue in Europeâ: Lithuania among few fighting for Russia sanctions,lrt_lt,2026-07-26,1,Russia & Kremlin,Russia & Kremlin
https://www.lrt.lt/en/news-in-english/19/3003064/lithuania-considers-more-national-sanctions-on-russian-belarusian-citizens,"Lithuania considers more national sanctions on Russian, Belarusian citizens",lrt_lt,2026-07-27,1,Russia & Kremlin,Russia & Kremlin; Border & migration
https://www.lrt.lt/en/news-in-english/19/3003055/lithuania-resumes-taiwan-economic-cooperation-talks-after-government-change,Lithuania resumes Taiwan economic cooperation talks after government change,lrt_lt,2026-07-27,6,China & Indo-Pacific,China & Indo-Pacific
https://www.lrt.lt/en/news-in-english/19/3003191/lithuanian-firm-wins-eur29m-contract-to-build-leopard-tank-facility-in-kaunas,Lithuanian firm wins â¬29m contract to build Leopard tank facility in Kaunas,lrt_lt,2026-07-27,2,NATO & defence,NATO & defence
https://www.lrt.lt/en/news-in-english/19/3003163/lithuanian-politicians-divided-over-new-probe-into-alleged-cia-black-site,Lithuanian politicians divided over new probe into alleged CIA black site,lrt_lt,2026-07-27,5,Hybrid warfare,Hybrid warfare
https://www.lrt.lt/en/news-in-english/19/3003336/lithuanian-border-guards-find-tunnel-from-belarus,Lithuanian border guards find tunnel from Belarus,lrt_lt,2026-07-27,4,Border & migration,Border & migration
https://www.lrt.lt/en/news-in-english/19/3004081/german-firm-supplying-nato-base-in-lithuania-linked-to-russia-belarus-trade,"German firm supplying NATO base in Lithuania linked to Russia, Belarus trade",lrt_lt,2026-07-28,2,NATO & defence,Russia & Kremlin; NATO & defence; Border & migration
https://www.lrt.lt/en/news-in-english/19/3004064/lithuania-detecting-attempts-to-smuggle-migrants-via-tunnels-from-belarus-official,Lithuania detecting attempts to smuggle migrants via tunnels from Belarus â official,lrt_lt,2026-07-28,4,Border & migration,Border & migration
https://www.lrt.lt/en/news-in-english/19/3005052/lithuanian-intelligence-watchdogs-decline-probe-into-alleged-cia-site,Lithuanian intelligence watchdogs decline probe into alleged CIA site,lrt_lt,2026-07-29,5,Hybrid warfare,Hybrid warfare
https://www.lrt.lt/en/news-in-english/19/3005265/lithuania-finds-unfinished-tunnel-for-suspected-migrant-crossings-from-belarus,Lithuania finds unfinished tunnel for suspected migrant crossings from Belarus,lrt_lt,2026-07-29,4,Border & migration,Border & migration
https://www.lrt.lt/en/news-in-english/19/3006272/lrt-english-newsletter-tunnelling-from-belarus,LRT English Newsletter: Tunnelling from Belarus,lrt_lt,2026-07-31,4,Border & migration,Border & migration
https://www.lrt.lt/en/news-in-english/19/3007068/i-would-be-a-tank-in-a-skirt-political-leaders-mourn-the-death-of-lithuania-s-first-pm,âI would be a tank in a skirtâ: Political leaders mourn the death of Lithuaniaâs first PM,lrt_lt,2026-07-31,2,NATO & defence,NATO & defence
https://www.lrt.lt/en/news-in-english/19/3007205/italian-troops-take-over-nato-baltic-air-policing-mission,Italian troops take over NATO Baltic air policing mission,lrt_lt,2026-07-31,2,NATO & defence,NATO & defence
https://www.lrt.lt/en/news-in-english/19/3008045/lithuanian-embassy-in-kyiv-damaged-in-russian-missile-attack,Lithuanian embassy in Kyiv damaged in Russian missile attack,lrt_lt,2026-08-01,0,Ukraine,Ukraine; Russia & Kremlin; NATO & defence
https://www.lrt.lt/en/news-in-english/19/3006113/why-the-west-still-misunderstands-belarus-role-in-russia-s-war-opinion,Why the West still misunderstands Belarusâ role in Russiaâs war â opinion,lrt_lt,2026-08-01,4,Border & migration,Russia & Kremlin; Border & migration
https://www.lrt.lt/en/news-in-english/19/3005131/ukraine-and-gulf-conflicts-increasingly-intertwined-says-russia-iran-analyst,"Ukraine and Gulf conflicts increasingly intertwined, says Russia-Iran analyst",lrt_lt,2026-08-02,1,Russia & Kremlin,Ukraine; Russia & Kremlin
https://www.lrt.lt/en/news-in-english/19/3010313/russian-independent-media-editor-says-he-is-leaving-lithuania-for-france,Russian independent media editor says he is leaving Lithuania for France,lrt_lt,2026-08-03,1,Russia & Kremlin,Russia & Kremlin
https://www.lrt.lt/en/news-in-english/19/3010226/seimas-speaker-says-vilnius-is-making-progress-towards-normalising-ties-with-beijing,Seimas speaker says Vilnius is making progress towards normalising ties with Beijing,lrt_lt,2026-08-03,6,China & Indo-Pacific,China & Indo-Pacific
https://www.lrt.lt/en/news-in-english/19/3010175/i-m-racist-and-i-did-it-on-purpose-lithuanian-volunteer-sabotages-athlete-s-performance,âIâm racist and I did it on purposeâ: Lithuanian volunteer sabotages athleteâs performance,lrt_lt,2026-08-03,5,Hybrid warfare,Hybrid warfare
https://www.lrt.lt/en/news-in-english/19/3010063/lithuania-seeks-ai-powered-air-defence-network-after-drone-incidents,Lithuania seeks AI-powered air defence network after drone incidents,lrt_lt,2026-08-03,2,NATO & defence,NATO & defence; Drones & airspace
https://www.lrt.lt/en/news-in-english/19/3011074/latvia-proposes-closing-the-belarus-border-to-the-general-public-and-freight-transport,Latvia proposes closing the Belarus border to the general public and freight transport,lrt_lt,2026-08-04,4,Border & migration,Border & migration
https://www.lrt.lt/en/news-in-english/19/3011165/russian-attack-on-lithuanian-embassy-in-kyiv-could-have-been-deliberate-fm-speculates,"Russian attack on Lithuanian embassy in Kyiv could have been deliberate, FM speculates",lrt_lt,2026-08-04,1,Russia & Kremlin,Ukraine; Russia & Kremlin
https://www.lrt.lt/en/news-in-english/19/3011089/lithuania-seeks-to-produce-ukrainian-drones-under-bilateral-defence-agreement,Lithuania seeks to produce Ukrainian drones under bilateral defence agreement,lrt_lt,2026-08-04,0,Ukraine,Ukraine; NATO & defence; Drones & airspace
https://www.lrt.lt/en/news-in-english/19/3011059/lithuanian-fm-calls-for-firm-response-from-nato-after-russian-missile-lands-in-poland,Lithuanian FM calls for âfirm responseâ from NATO after Russian missile lands in Poland,lrt_lt,2026-08-04,2,NATO & defence,Russia & Kremlin; NATO & defence
https://www.lrt.lt/en/news-in-english/19/3011250/china-adds-lithuanian-firm-to-export-control-list-in-possible-retaliation-for-eu-sanctions,China adds Lithuanian firm to export control list in possible retaliation for EU sanctions,lrt_lt,2026-08-04,6,China & Indo-Pacific,China & Indo-Pacific
https://www.lrt.lt/en/news-in-english/19/3012317/migrants-attack-lithuanian-border-guards-after-crossing-from-belarus-through-tunnel,Migrants attack Lithuanian border guards after crossing from Belarus through tunnel,lrt_lt,2026-08-05,4,Border & migration,Border & migration
https://www.lrt.lt/en/news-in-english/19/3012138/lithuania-has-no-evidence-russia-deliberately-targeted-embassy-in-kyiv-minister-says,"Lithuania has no evidence Russia deliberately targeted embassy in Kyiv, minister says",lrt_lt,2026-08-05,1,Russia & Kremlin,Ukraine; Russia & Kremlin
https://www.lrt.lt/en/news-in-english/19/3012126/vilnius-municipality-to-stop-accepting-written-requests-in-russian,Vilnius municipality to stop accepting written requests in Russian,lrt_lt,2026-08-05,1,Russia & Kremlin,Russia & Kremlin
https://www.lrt.lt/en/news-in-english/19/3013062/kaliningrad-court-sentences-lithuanian-citizen-for-espionage,Kaliningrad court sentences Lithuanian citizen for espionage,lrt_lt,2026-08-06,5,Hybrid warfare,Hybrid warfare
https://www.lrt.lt/en/news-in-english/19/3012179/russians-only-understand-force-did-poland-make-a-mistake,âRussians only understand forceâ: Did Poland make a mistake?,lrt_lt,2026-08-06,1,Russia & Kremlin,Russia & Kremlin
https://www.lrt.lt/en/news-in-english/19/3013271/lithuanian-pm-says-threat-level-unchanged-after-warning-of-possible-false-flag-attacks,Lithuanian PM says threat level unchanged after warning of possible âfalse flagâ attacks,lrt_lt,2026-08-06,5,Hybrid warfare,Hybrid warfare
https://www.lrt.lt/en/news-in-english/19/3013086/lithuanian-intelligence-says-russia-may-use-ukrainian-drones-to-attack-baltic-targets,Lithuanian intelligence says Russia may use Ukrainian drones to attack Baltic targets,lrt_lt,2026-08-06,1,Russia & Kremlin,Ukraine; Russia & Kremlin; Drones & airspace
https://www.lrt.lt/en/news-in-english/19/3014161/lithuania-freezes-assets-of-mere-operator-after-eu-sanctions-on-russian-owner,Lithuania freezes assets of Mere operator after EU sanctions on Russian owner,lrt_lt,2026-08-07,1,Russia & Kremlin,Russia & Kremlin
https://www.lrt.lt/en/news-in-english/19/3014148/germany-invites-baltics-poland-for-security-talks-over-explosive-drone-at-leipzig-airport,"Germany invites Baltics, Poland for security talks over explosive drone at Leipzig airport",lrt_lt,2026-08-07,3,Drones & airspace,Drones & airspace
https://www.lrt.lt/en/news-in-english/19/3013323/tax-and-social-security-offices-keep-serving-in-russian-as-vilnius-scales-back-its-use,"Tax and social security offices keep serving in Russian, as Vilnius scales back its use",lrt_lt,2026-08-07,1,Russia & Kremlin,Russia & Kremlin
https://www.lrt.lt/en/news-in-english/19/3014218/lithuanian-man-detained-after-driving-through-closed-border-checkpoint-into-russia,Lithuanian man detained after driving through closed border checkpoint into Russia,lrt_lt,2026-08-07,4,Border & migration,Russia & Kremlin; Border & migration
https://www.lrt.lt/en/news-in-english/19/3011087/lithuania-latvia-see-kremlin-linked-retailer-close-but-a-lookalike-raises-questions,"Lithuania, Latvia see Kremlin-linked retailer close â but a lookalike raises questions",lrt_lt,2026-08-08,1,Russia & Kremlin,Russia & Kremlin
https://www.lrt.lt/en/news-in-english/19/3012219/ukrainians-took-refuge-in-poland-now-they-re-increasingly-fearful,Ukrainians took refuge in Poland. Now they're increasingly fearful,lrt_lt,2026-08-09,0,Ukraine,Ukraine
https://www.lrt.lt/en/news-in-english/19/2985225/estonia-spending-almost-7-of-gdp-on-defence-prime-minister-says,"Estonia spending âalmost 7%â of GDP on defence, prime minister says",lrt_lt,2026-07-12,2,NATO & defence,NATO & defence
https://www.lrt.lt/en/news-in-english/19/2985240/exhibition-in-vilnius-unveils-newly-recovered-royal-regalia-hidden-during-world-war-ii,Exhibition in Vilnius unveils newly recovered royal regalia hidden during World War II,lrt_lt,2026-07-12,2,NATO & defence,NATO & defence
https://www.lrt.lt/en/news-in-english/19/2984327/filming-drones-burning-jeeps-in-lithuania-behind-russia-s-sabotage-network,"Filming drones, burning jeeps in Lithuania. Behind Russiaâs sabotage network",lrt_lt,2026-07-12,1,Russia & Kremlin,Russia & Kremlin; Drones & airspace; Hybrid warfare
https://www.lrt.lt/en/news-in-english/19/2985363/lrt-english-newsletter-government-pledges-and-nato-improvs,LRT English Newsletter: Government pledges and NATO improvs,lrt_lt,2026-07-12,2,NATO & defence,NATO & defence
https://www.lrt.lt/en/news-in-english/19/2983272/lithuania-wants-to-normalise-ties-with-china-does-that-mean-divorcing-taiwan,Lithuania wants to normalise ties with China. Does that mean divorcing Taiwan?,lrt_lt,2026-07-12,6,China & Indo-Pacific,China & Indo-Pacific
https://www.lrt.lt/en/news-in-english/19/2985177/lithuania-s-fm-assures-belarus-policy-remains-unchanged-despite-programme-wording,Lithuaniaâs FM assures Belarus policy remains unchanged despite programme wording,lrt_lt,2026-07-12,4,Border & migration,Border & migration
https://www.lrt.lt/en/news-in-english/19/2986452/merko-statyba-secures-financing-for-second-phase-of-lithuania-s-rudninkai-military-base,Merko Statyba secures financing for second phase of Lithuania's Rūdninkai military base,lrt_lt,2026-07-12,2,NATO & defence,NATO & defence
https://www.lrt.lt/en/news-in-english/19/2986122/osce-report-russia-s-treatment-of-ukrainian-children-may-amount-to-crime-against-humanity,OSCE report: Russia's treatment of Ukrainian children may amount to crime against humanity,lrt_lt,2026-07-12,1,Russia & Kremlin,Ukraine; Russia & Kremlin
https://www.lrt.lt/en/news-in-english/19/2985253/security-officials-russia-has-no-concrete-plan-to-attack-baltic-states-poland,"Security officials: Russia has âno concrete planâ to attack Baltic states, Poland",lrt_lt,2026-07-12,1,Russia & Kremlin,Russia & Kremlin
https://www.lrt.lt/en/news-in-english/19/2989123/lithuania-hopes-eu-agrees-on-new-russia-sanctions-package-by-end-of-july,Lithuania hopes EU agrees on new Russia sanctions package by end of July,lrt_lt,2026-07-13,1,Russia & Kremlin,Russia & Kremlin
https://www.lrt.lt/en/news-in-english/19/2989040/lithuanian-troops-begin-dragoon-fury-26-tactical-drills,Lithuanian troops begin Dragoon Fury 26 tactical drills,lrt_lt,2026-07-13,2,NATO & defence,NATO & defence
https://www.lrt.lt/en/news-in-english/19/2989168/russia-set-to-escalate-claims-against-baltic-states-investigation,Russia set to escalate claims against Baltic states â investigation,lrt_lt,2026-07-13,1,Russia & Kremlin,Russia & Kremlin
https://www.lrt.lt/en/news-in-english/19/2990119/lithuania-approves-evacuation-plan-says-75-could-leave-independently,"Lithuania approves evacuation plan, says 75% could leave independently",lrt_lt,2026-07-14,2,NATO & defence,NATO & defence
https://www.lrt.lt/en/news-in-english/19/2990099/lithuania-questions-need-to-abide-by-cia-prison-ruling-presidential-aide,Lithuania questions need to abide by CIA prison ruling â presidential aide,lrt_lt,2026-07-14,5,Hybrid warfare,Hybrid warfare
https://www.lrt.lt/en/news-in-english/19/2990172/lithuania-receives-more-than-8-100-voluntary-applications-for-mandatory-military-service,"Lithuania receives more than 8,100 voluntary applications for mandatory military service",lrt_lt,2026-07-14,2,NATO & defence,NATO & defence
https://www.lrt.lt/en/news-in-english/19/2990049/lithuanian-president-s-office-cautious-about-introducing-checks-on-latvian-border,Lithuanian presidentâs office cautious about introducing checks on Latvian border,lrt_lt,2026-07-14,4,Border & migration,Border & migration
https://www.lrt.lt/en/news-in-english/19/2990415/lithuanian-president-says-he-doesn-t-believe-cia-prison-operated-near-vilnius,Lithuanian president says he doesnât believe CIA prison operated near Vilnius,lrt_lt,2026-07-14,5,Hybrid warfare,Hybrid warfare
https://www.lrt.lt/en/news-in-english/19/2991046/intelligence-indicates-russia-may-be-planning-provocations-lithuanian-president,Intelligence indicates Russia may be planning provocations â Lithuanian president,lrt_lt,2026-07-15,1,Russia & Kremlin,Russia & Kremlin; Hybrid warfare
https://www.lrt.lt/en/news-in-english/19/2990295/nuclear-option-lithuania-mulls-introducing-border-checks-with-latvia,âNuclear optionâ: Lithuania mulls introducing border checks with Latvia,lrt_lt,2026-07-15,4,Border & migration,Border & migration
https://www.lrt.lt/en/news-in-english/19/2991208/lithuanian-prosecutors-say-cia-black-site-investigation-remains-open,Lithuanian prosecutors say CIA black site investigation remains open,lrt_lt,2026-07-15,5,Hybrid warfare,Hybrid warfare
https://www.lrt.lt/en/news-in-english/19/2991281/latvian-president-warns-russia-could-step-up-provocations-against-baltic-region,Latvian president warns Russia could step up provocations against Baltic region,lrt_lt,2026-07-15,1,Russia & Kremlin,Russia & Kremlin; Hybrid warfare
https://www.lrt.lt/en/news-in-english/19/2991313/lithuania-latvia-agree-to-hold-joint-military-drills-to-deepen-defence-cooperation,"Lithuania, Latvia agree to hold joint military drills to deepen defence cooperation",lrt_lt,2026-07-15,2,NATO & defence,NATO & defence
https://www.lrt.lt/en/news-in-english/19/2991333/moscow-rejects-lithuanian-claims-of-possible-russian-attacks-on-baltic-infrastructure,Moscow rejects Lithuanian claims of possible Russian attacks on Baltic infrastructure,lrt_lt,2026-07-15,1,Russia & Kremlin,Russia & Kremlin
https://www.lrt.lt/en/news-in-english/19/2992043/ministry-says-lithuania-will-comply-with-latest-echr-ruling-on-cia-black-site,Ministry says Lithuania will comply with latest ECHR ruling on CIA black site,lrt_lt,2026-07-16,5,Hybrid warfare,Hybrid warfare
https://www.lrt.lt/en/news-in-english/19/2996062/lithuania-holds-funeral-for-volunteer-killed-fighting-in-ukraine,Lithuania holds funeral for volunteer killed fighting in Ukraine,lrt_lt,2026-07-20,0,Ukraine,Ukraine
https://www.lrt.lt/en/news-in-english/19/2996068/lithuania-s-defence-minister-says-russia-views-baltic-states-poland-as-next-targets,"Lithuania's defence minister says Russia views Baltic states, Poland as next targets",lrt_lt,2026-07-20,1,Russia & Kremlin,Russia & Kremlin; NATO & defence
https://www.lrt.lt/en/news-in-english/19/2996081/lithuania-s-defence-minister-armed-forces-must-expand-capacity-as-recruit-interest-rises,Lithuania's defence minister: armed forces must expand capacity as recruit interest rises,lrt_lt,2026-07-20,2,NATO & defence,NATO & defence
https://www.lrt.lt/en/news-in-english/19/2996115/lithuania-s-migrant-accommodation-reaches-60-capacity-as-migration-from-latvia-rises,Lithuania's migrant accommodation reaches 60% capacity as migration from Latvia rises,lrt_lt,2026-07-20,4,Border & migration,Border & migration
https://www.lrt.lt/en/news-in-english/19/2996233/french-national-to-face-court-over-illegal-transport-of-migrants-across-lithuanian-border,French national to face court over illegal transport of migrants across Lithuanian border,lrt_lt,2026-07-20,4,Border & migration,Border & migration
https://www.lrt.lt/en/news-in-english/19/2997093/former-lithuanian-military-officer-says-service-ended-after-raising-procurement-concerns,Former Lithuanian military officer says service ended after raising procurement concerns,lrt_lt,2026-07-21,2,NATO & defence,NATO & defence
https://www.lrt.lt/en/news-in-english/19/2997134/lithuanian-military-to-guard-lng-terminal-amid-warnings-of-russian-provocations,Lithuanian military to guard LNG terminal amid warnings of Russian provocations,lrt_lt,2026-07-21,2,NATO & defence,Russia & Kremlin; NATO & defence; Hybrid warfare
https://www.lrt.lt/en/news-in-english/19/2997070/nato-would-reinforce-lithuania-if-russia-escalates-provocations-presidential-aide-says,"NATO would reinforce Lithuania if Russia escalates provocations, presidential aide says",lrt_lt,2026-07-21,2,NATO & defence,Russia & Kremlin; NATO & defence; Hybrid warfare
https://www.lrt.lt/en/news-in-english/19/2997281/hungary-s-otp-buyer-of-baltic-bank-luminor-maintains-operations-in-russia,"Hungaryâs OTP, buyer of Baltic bank Luminor, maintains operations in Russia",lrt_lt,2026-07-21,1,Russia & Kremlin,Russia & Kremlin
https://www.lrt.lt/en/news-in-english/19/2998092/bank-of-lithuania-says-otp-s-russia-business-will-face-scrutiny-in-luminor-takeover-review,Bank of Lithuania says OTPâs Russia business will face scrutiny in Luminor takeover review,lrt_lt,2026-07-22,1,Russia & Kremlin,Russia & Kremlin
https://www.lrt.lt/en/news-in-english/19/2999089/lithuanian-military-drills-focus-on-protecting-critical-infrastructure-in-klaipeda-region,Lithuanian military drills focus on protecting critical infrastructure in KlaipÄda region,lrt_lt,2026-07-23,2,NATO & defence,NATO & defence
https://www.lrt.lt/en/news-in-english/19/3000267/new-russia-sanctions-package-includes-owner-of-retail-chain-operating-in-lithuania,New Russia sanctions package includes owner of retail chain operating in Lithuania,lrt_lt,2026-07-24,1,Russia & Kremlin,Russia & Kremlin
https://www.lrt.lt/en/news-in-english/19/3017088/minister-says-baltic-airspace-incursions-stopped-as-ukraine-targets-deeper-inside-russia,Minister says Baltic airspace incursions stopped as Ukraine targets deeper inside Russia,lrt_lt,2026-08-10,3,Drones & airspace,Ukraine; Russia & Kremlin; Drones & airspace
https://www.lrt.lt/en/news-in-english/19/3011291/behind-closed-doors-migrants-in-lithuania-face-collective-punishment,"Behind closed doors, migrants in Lithuania face collective punishment",lrt_lt,2026-08-10,4,Border & migration,Border & migration
https://www.lrt.lt/en/news-in-english/19/3017163/eu-envoy-says-us-has-yet-to-decide-on-troop-presence-in-europe-and-lithuania,EU envoy says US has yet to decide on troop presence in Europe and Lithuania,lrt_lt,2026-08-10,2,NATO & defence,NATO & defence
https://www.lrt.lt/en/news-in-english/19/3017133/belarusians-in-lithuania-mark-sixth-anniversary-of-2020-protests-against-lukashenko,Belarusians in Lithuania mark sixth anniversary of 2020 protests against Lukashenko,lrt_lt,2026-08-10,4,Border & migration,Border & migration
https://www.lrt.lt/en/news-in-english/19/3017342/poland-and-baltics-tighten-critical-infrastructure-security-amid-russian-threat-concerns,Poland and Baltics tighten critical infrastructure security amid Russian threat concerns,lrt_lt,2026-08-10,1,Russia & Kremlin,Russia & Kremlin
https://www.lrt.lt/en/news-in-english/19/3018041/german-investigators-find-link-between-leipzig-drone-incident-and-lithuania-parcel-case,German investigators find link between Leipzig drone incident and Lithuania parcel case,lrt_lt,2026-08-11,3,Drones & airspace,Drones & airspace
https://www.lrt.lt/en/news-in-english/19/3018078/minister-criticises-vilnius-policy-to-end-written-russian-language-requests,Minister criticises Vilnius policy to end written Russian-language requests,lrt_lt,2026-08-11,1,Russia & Kremlin,Russia & Kremlin
https://www.lrt.lt/en/news-in-english/19/3018204/lithuania-selects-how-to-divorce-during-the-war-as-its-oscar-contender,Lithuania selects How to Divorce During the War as its Oscar contender,lrt_lt,2026-08-11,0,Ukraine,Ukraine
https://www.lrt.lt/en/news-in-english/19/3019083/seimas-speaker-vilnius-must-compromise-on-language-services-for-ukrainians-belarusians,"Seimas speaker: Vilnius must compromise on language services for Ukrainians, Belarusians",lrt_lt,2026-08-12,0,Ukraine,Ukraine; Border & migration
https://www.lrt.lt/en/news-in-english/19/3019291/lithuania-expands-border-defences-extends-timeline-for-counter-mobility-measures,"Lithuania expands border defences, extends timeline for counter-mobility measures",lrt_lt,2026-08-12,2,NATO & defence,NATO & defence; Border & migration
https://www.lrt.lt/en/news-in-english/19/3020185/ukrainian-defence-company-demz-to-invest-in-ammunition-plant-in-lithuania,Ukrainian defence company DEMZ to invest in ammunition plant in Lithuania,lrt_lt,2026-08-13,2,NATO & defence,Ukraine; NATO & defence
https://www.lrt.lt/en/news-in-english/19/3020068/lithuania-exhumes-remains-of-81-soviet-soldiers-in-vievis-town-centre,Lithuania exhumes remains of 81 Soviet soldiers in Vievis town centre,lrt_lt,2026-08-13,2,NATO & defence,NATO & defence
https://www.lrt.lt/en/news-in-english/19/3021016/nato-fighter-jets-shoot-down-drone-over-eastern-latvia,NATO fighter jets shoot down drone over eastern Latvia,lrt_lt,2026-08-14,3,Drones & airspace,NATO & defence; Drones & airspace
https://www.lrt.lt/en/news-in-english/19/3021167/lithuanian-border-guard-injured-in-migrant-incident-near-belarus-border,Lithuanian border guard injured in migrant incident near Belarus border,lrt_lt,2026-08-14,4,Border & migration,Border & migration
https://www.lrt.lt/en/news-in-english/19/3021063/lithuanian-unions-criticise-president-s-proposed-restrictions-on-migrant-workers,Lithuanian unions criticise presidentâs proposed restrictions on migrant workers,lrt_lt,2026-08-14,4,Border & migration,Border & migration
https://www.lrt.lt/en/news-in-english/19/3021276/ukraine-s-demz-signs-deal-with-lithuania-on-ammunition-production,Ukraineâs DEMZ signs deal with Lithuania on ammunition production,lrt_lt,2026-08-14,0,Ukraine,Ukraine
https://www.lrt.lt/en/news-in-english/19/3021362/committee-chair-says-threat-level-unchanged-despite-warnings-of-russia-s-possible-attacks,Committee chair says threat level unchanged despite warnings of Russiaâs possible attacks,lrt_lt,2026-08-14,1,Russia & Kremlin,Russia & Kremlin
https://www.lrt.lt/en/news-in-english/19/3021326/ministry-moves-to-save-cold-war-era-underground-printing-press-near-kaunas,Ministry moves to save Cold War-era underground printing press near Kaunas,lrt_lt,2026-08-15,2,NATO & defence,NATO & defence
https://eng.lsm.lv/article/features/features/12.07.2026-the-deep-roots-of-resilience-what-a-crown-taught-me-about-todays-ukraine.a654669/,The Deep Roots of Resilience: what a crown taught me about today’s Ukraine,lsm_lv,2026-07-12,0,Ukraine,Ukraine; NATO & defence
https://eng.lsm.lv/article/politics/diplomacy/11.07.2026-baltic-states-strongly-reject-russian-lies-in-moscow.a654710/,Baltic states 'strongly reject' Russian lies in Moscow,lsm_lv,2026-07-12,1,Russia & Kremlin,Russia & Kremlin
https://eng.lsm.lv/article/politics/diplomacy/08.07.2026-russia-indulges-in-further-baltic-deportation-fantasies.a654280/,Russia indulges in further Baltic deportation fantasies,lsm_lv,2026-07-12,1,Russia & Kremlin,Russia & Kremlin
https://eng.lsm.lv/article/society/defence/10.07.2026-lions-leap-military-exercises-taking-place-this-weekend.a654614/,'Lion's Leap' military exercises taking place this weekend,lsm_lv,2026-07-12,2,NATO & defence,NATO & defence
https://eng.lsm.lv/article/society/defence/10.07.2026-latvia-is-belarus-first-target-for-hybrid-war-border-guard-chief.a654588/,Latvia is Belarus' first target for hybrid war: Border Guard chief,lsm_lv,2026-07-12,4,Border & migration,Border & migration; Hybrid warfare
https://eng.lsm.lv/article/society/defence/19.07.2026-no-one-in-armed-forces-will-be-disciplined-over-rezekne-drone-incident.a655536/,No-one in armed forces will be disciplined over Rēzekne drone incident,lsm_lv,2026-07-19,3,Drones & airspace,Drones & airspace
https://eng.lsm.lv/article/politics/diplomacy/14.07.2026-latvias-honorary-consuls-in-ukraine-given-awards.a654960/,Latvia's honorary consuls in Ukraine given awards,lsm_lv,2026-07-19,0,Ukraine,Ukraine
https://eng.lsm.lv/article/politics/diplomacy/13.07.2026-russia-planning-to-make-sarcastic-use-of-international-courts-against-baltics.a654903/,Russia planning to make sarcastic use of international courts against Baltics,lsm_lv,2026-07-19,1,Russia & Kremlin,Russia & Kremlin
https://eng.lsm.lv/article/society/defence/17.07.2026-journalists-expose-online-terrorism-efforts-in-poland-and-baltics.a655398/,Journalists expose online terrorism efforts in Poland and Baltics,lsm_lv,2026-07-19,5,Hybrid warfare,Hybrid warfare
https://eng.lsm.lv/article/society/education/16.07.2026-researchers-in-latvia-concerned-about-potential-threat-to-academic-freedom.a655251/,Researchers in Latvia concerned about potential threat to academic freedom,lsm_lv,2026-07-19,2,NATO & defence,NATO & defence
https://eng.lsm.lv/article/society/crime/24.07.2026-err-illegal-migrants-arrested-in-estonia-believed-to-have-travelled-via-latvia.a656273/,ERR: Illegal migrants arrested in Estonia believed to have travelled via Latvia,lsm_lv,2026-07-26,4,Border & migration,Border & migration
https://eng.lsm.lv/article/politics/diplomacy/24.07.2026-latvian-honorary-consulate-building-in-sloviansk-destroyed-by-russian-strike.a656267/,Latvian honorary consulate building in Sloviansk destroyed by Russian strike,lsm_lv,2026-07-26,1,Russia & Kremlin,Russia & Kremlin
https://eng.lsm.lv/article/society/crime/24.07.2026-state-security-service-investigates-fire-at-ukrainian-charity-warehouse.a656192/,State Security Service investigates fire at Ukrainian charity warehouse,lsm_lv,2026-07-26,0,Ukraine,Ukraine
https://eng.lsm.lv/article/society/defence/24.07.2026-latvia-and-american-company-plan-artillery-factory-within-2-years.a656200/,Latvia and American company plan artillery factory within 2 years,lsm_lv,2026-07-26,2,NATO & defence,NATO & defence
https://eng.lsm.lv/article/society/crime/23.07.2026-alleged-migrant-attack-in-riga-not-all-it-seemed-to-be.a656027/,Alleged 'migrant attack' in Rīga not all it seemed to be,lsm_lv,2026-07-26,4,Border & migration,Border & migration
https://eng.lsm.lv/article/politics/diplomacy/04.08.2026-latvias-national-position-on-russia-and-belarus-is-to-step-up-sanctions.a657500/,Latvia's 'national position' on Russia and Belarus is to step up sanctions,lsm_lv,2026-08-09,1,Russia & Kremlin,Russia & Kremlin; Border & migration
https://eng.lsm.lv/article/culture/music/10.08.2026-foolish-hearts-politicians-and-russia-spread-nonsense-about-raimonds-pauls-ban.a658089/,Foolish Hearts: politicians and Russia spread nonsense about Raimonds Pauls 'ban',lsm_lv,2026-08-10,1,Russia & Kremlin,Russia & Kremlin
https://eng.lsm.lv/article/society/defence/07.08.2026-teams-invited-to-enter-upcoming-eudis-defence-hackathon-in-latvia.a657956/,Teams invited to enter upcoming EUDIS defence hackathon in Latvia,lsm_lv,2026-08-10,2,NATO & defence,NATO & defence; Hybrid warfare
https://eng.lsm.lv/article/society/crime/10.08.2026-latvian-security-service-detains-russian-war-supporter.a658152/,Latvian Security Service detains Russian war supporter,lsm_lv,2026-08-10,1,Russia & Kremlin,Russia & Kremlin
https://eng.lsm.lv/article/society/defence/10.08.2026-one-month-until-latvian-dual-use-export-forum-on-natos-eastern-border.a658221/,One month until 'Latvian Dual-Use Export Forum' on NATO's eastern border,lsm_lv,2026-08-10,2,NATO & defence,NATO & defence; Border & migration
https://eng.lsm.lv/article/society/defence/10.08.2026-riga-stratcom-centre-publishes-new-russia-report.a658250/,Rīga StratCom centre publishes new Russia report,lsm_lv,2026-08-10,1,Russia & Kremlin,Russia & Kremlin
https://eng.lsm.lv/article/society/defence/11.08.2026-unmanned-platform-developed-for-latvian-army-needs.a658267/,Unmanned platform developed for Latvian army needs,lsm_lv,2026-08-11,2,NATO & defence,NATO & defence
https://eng.lsm.lv/article/society/defence/11.08.2026-first-illegal-border-tunnel-found-at-silene-latvia.a658310/,"First illegal border tunnel found at Silene, Latvia",lsm_lv,2026-08-11,4,Border & migration,Border & migration
https://eng.lsm.lv/article/society/society/11.08.2026-31000-ukrainians-currently-have-refuge-in-latvia.a658368/,"31,000 Ukrainians currently have refuge in Latvia",lsm_lv,2026-08-11,0,Ukraine,Ukraine
https://eng.lsm.lv/article/politics/diplomacy/12.08.2026-latvia-joins-diplomatic-ballistic-missile-pledge.a658449/,Latvia joins diplomatic ballistic missile pledge,lsm_lv,2026-08-12,2,NATO & defence,NATO & defence
https://eng.lsm.lv/article/economy/transport/12.08.2026-liepaja-airport-gets-funding-for-dual-civilian-military-use.a658483/,Liepāja Airport gets funding for dual civilian-military use,lsm_lv,2026-08-12,2,NATO & defence,NATO & defence; Drones & airspace
https://eng.lsm.lv/article/society/defence/13.08.2026-change-of-command-at-latvian-naval-forces.a658603/,Change of command at Latvian Naval Forces,lsm_lv,2026-08-13,2,NATO & defence,NATO & defence
https://eng.lsm.lv/article/society/crime/13.08.2026-latvian-and-ukrainian-police-team-up-to-catch-crypto-fraudsters.a658650/,Latvian and Ukrainian police team up to catch crypto fraudsters,lsm_lv,2026-08-13,0,Ukraine,Ukraine
https://eng.lsm.lv/article/society/health/13.08.2026-latvian-car-registry-website-suffers-cyber-attack.a658687/,Latvian car registry website suffers cyber attack,lsm_lv,2026-08-13,5,Hybrid warfare,Hybrid warfare
https://eng.lsm.lv/article/society/health/13.08.2026-another-group-of-ukrainian-soldiers-arrives-at-riga-eastern-hospital.a658667/,Another group of Ukrainian soldiers arrives at Rīga Eastern Hospital,lsm_lv,2026-08-13,0,Ukraine,Ukraine; NATO & defence
https://eng.lsm.lv/article/society/defence/14.08.2026-nato-fighters-shoot-down-drone-in-north-east-latvia.a658766/,NATO fighters shoot down drone in north-east Latvia,lsm_lv,2026-08-14,3,Drones & airspace,NATO & defence; Drones & airspace
https://eng.lsm.lv/article/society/society/14.08.2026-pilgrims-in-aglona-took-shelter-in-basement-during-drone-threat.a658778/,Pilgrims in Aglona took shelter in basement during drone threat,lsm_lv,2026-08-14,3,Drones & airspace,NATO & defence; Drones & airspace
https://eng.lsm.lv/article/society/crime/14.08.2026-operation-werewolf-causes-minor-inconvenience-to-locals-near-belarus-border.a658772/,'Operation Werewolf' causes minor inconvenience to locals near Belarus border,lsm_lv,2026-08-14,4,Border & migration,Border & migration
https://eng.lsm.lv/article/society/defence/14.08.2026-latvia-gets-4-out-of-10-for-crisis-readiness-says-official.a658771/,"Latvia gets '4 out of 10' for crisis readiness, says official",lsm_lv,2026-08-14,2,NATO & defence,NATO & defence
https://eng.lsm.lv/article/society/crime/14.08.2026-csdd-data-hack-public-still-told-few-details.a658805/,CSDD data hack: public still told few details,lsm_lv,2026-08-14,5,Hybrid warfare,Hybrid warfare
https://eng.lsm.lv/article/society/defence/14.08.2026-drone-was-downed-by-italian-jet-search-for-debris-continues.a658869/,"Drone was downed by Italian jet, search for debris continues",lsm_lv,2026-08-14,3,Drones & airspace,Drones & airspace
https://eng.lsm.lv/article/society/defence/15.08.2026-controlled-explosions-destroy-downed-drone-in-northern-latvia.a658965/,Controlled explosions destroy downed drone in northern Latvia,lsm_lv,2026-08-15,3,Drones & airspace,Drones & airspace
